user_id,matched_user_id,action,timestamp
U001,U133,0,2025-07-25 20:29:00.659331
U001,U240,0,2025-07-30 20:29:00.659366
U001,U258,1,2026-05-09 20:29:00.659384
U001,U263,0,2025-10-09 20:29:00.659398
U001,U175,1,2025-08-11 20:29:00.659409
U001,U008,1,2025-09-11 20:29:00.659419
U001,U117,0,2025-10-22 20:29:00.659428
U001,U067,0,2025-08-24 20:29:00.659437
U001,U181,0,2025-08-30 20:29:00.659445
U001,U297,0,2025-11-05 20:29:00.659454
U001,U081,0,2025-07-25 20:29:00.659462
U001,U083,0,2025-12-07 20:29:00.659470
U001,U167,0,2026-02-16 20:29:00.659478
U001,U058,0,2025-10-06 20:29:00.659486
U001,U014,0,2026-05-04 20:29:00.659494
U001,U205,1,2025-07-04 20:29:00.659503
U001,U137,0,2026-06-04 20:29:00.659511
U001,U162,0,2026-02-10 20:29:00.659518
U001,U171,0,2025-10-28 20:29:00.659526
U002,U190,1,2026-02-10 20:29:00.659554
U002,U109,0,2025-11-07 20:29:00.659563
U002,U154,0,2025-10-20 20:29:00.659572
U002,U187,0,2025-11-29 20:29:00.659580
U002,U207,1,2026-01-27 20:29:00.659588
U002,U169,0,2026-02-11 20:29:00.659598
U002,U026,1,2026-01-20 20:29:00.659606
U002,U124,1,2025-09-08 20:29:00.659615
U002,U087,0,2025-07-11 20:29:00.659625
U002,U111,0,2026-04-29 20:29:00.659633
U002,U144,1,2025-08-11 20:29:00.659640
U002,U295,0,2026-03-10 20:29:00.659649
U002,U268,0,2025-09-03 20:29:00.659657
U002,U035,1,2025-10-20 20:29:00.659665
U002,U064,0,2026-06-03 20:29:00.659673
U002,U257,0,2025-08-19 20:29:00.659681
U002,U121,1,2026-02-04 20:29:00.659688
U002,U227,0,2025-06-11 20:29:00.659696
U002,U017,0,2026-01-22 20:29:00.659703
U002,U145,0,2025-08-31 20:29:00.659711
U003,U276,0,2025-06-12 20:29:00.659733
U003,U068,0,2026-05-18 20:29:00.659743
U003,U268,1,2026-02-05 20:29:00.659750
U003,U236,1,2025-08-12 20:29:00.659759
U003,U028,0,2025-10-09 20:29:00.659767
U003,U015,0,2025-06-09 20:29:00.659775
U003,U221,0,2026-04-08 20:29:00.659783
U003,U242,1,2026-04-19 20:29:00.659791
U003,U053,0,2025-12-23 20:29:00.659799
U003,U139,1,2026-01-03 20:29:00.659807
U003,U105,1,2026-05-27 20:29:00.659815
U003,U040,0,2025-06-24 20:29:00.659822
U003,U256,0,2025-10-05 20:29:00.659830
U003,U274,1,2026-03-27 20:29:00.659838
U003,U134,0,2026-04-23 20:29:00.659846
U003,U289,1,2025-12-25 20:29:00.659853
U003,U299,1,2025-12-25 20:29:00.659863
U003,U093,1,2026-05-30 20:29:00.659872
U003,U123,0,2026-02-20 20:29:00.659879
U003,U080,0,2025-06-24 20:29:00.659887
U004,U101,1,2025-08-19 20:29:00.659909
U004,U215,1,2025-10-31 20:29:00.659917
U004,U032,0,2026-04-19 20:29:00.659924
U004,U187,1,2025-11-23 20:29:00.659931
U004,U094,1,2025-10-22 20:29:00.659939
U004,U136,0,2026-01-04 20:29:00.659946
U004,U236,0,2025-07-06 20:29:00.659954
U004,U096,0,2026-03-12 20:29:00.659962
U004,U122,0,2026-04-02 20:29:00.659969
U004,U075,1,2025-10-06 20:29:00.659977
U004,U162,0,2026-03-05 20:29:00.659983
U004,U220,0,2026-02-19 20:29:00.659990
U004,U148,1,2026-04-12 20:29:00.659997
U004,U188,0,2026-04-17 20:29:00.660004
U004,U072,0,2025-10-03 20:29:00.660011
U004,U192,0,2026-01-10 20:29:00.660018
U004,U018,1,2026-06-03 20:29:00.660025
U004,U274,0,2025-09-04 20:29:00.660032
U004,U285,0,2025-08-14 20:29:00.660040
U004,U255,1,2025-12-31 20:29:00.660046
U005,U290,0,2025-08-23 20:29:00.660066
U005,U190,1,2025-10-29 20:29:00.660074
U005,U160,1,2025-06-19 20:29:00.660082
U005,U270,0,2025-12-13 20:29:00.660091
U005,U029,0,2025-09-11 20:29:00.660099
U005,U255,0,2025-07-28 20:29:00.660106
U005,U173,0,2026-04-30 20:29:00.660113
U005,U022,0,2026-04-04 20:29:00.660120
U005,U046,0,2026-02-15 20:29:00.660128
U005,U251,1,2026-03-02 20:29:00.660138
U005,U099,0,2025-12-09 20:29:00.660146
U005,U092,0,2025-08-28 20:29:00.660153
U005,U076,0,2025-12-25 20:29:00.660161
U005,U059,0,2025-10-23 20:29:00.660169
U005,U042,0,2025-10-22 20:29:00.660177
U005,U272,1,2025-11-17 20:29:00.660184
U005,U040,0,2025-12-28 20:29:00.660191
U005,U131,1,2026-03-27 20:29:00.660198
U005,U030,1,2025-06-10 20:29:00.660207
U005,U182,0,2025-12-11 20:29:00.660214
U006,U071,1,2025-11-13 20:29:00.660233
U006,U219,1,2026-03-17 20:29:00.660241
U006,U126,1,2026-04-17 20:29:00.660248
U006,U224,1,2025-12-21 20:29:00.660256
U006,U112,1,2025-07-31 20:29:00.660263
U006,U019,0,2025-12-20 20:29:00.660271
U006,U135,0,2025-06-28 20:29:00.660279
U006,U218,0,2026-05-20 20:29:00.660287
U006,U205,0,2025-12-13 20:29:00.660294
U006,U200,0,2026-01-31 20:29:00.660301
U006,U002,1,2026-02-11 20:29:00.660309
U006,U172,0,2026-05-01 20:29:00.660316
U006,U001,0,2025-11-09 20:29:00.660323
U006,U148,0,2025-12-24 20:29:00.660330
U006,U056,0,2025-06-13 20:29:00.660338
U006,U175,1,2026-05-14 20:29:00.660345
U006,U155,0,2025-11-29 20:29:00.660352
U006,U164,0,2026-05-13 20:29:00.660359
U006,U099,1,2025-06-08 20:29:00.660369
U006,U079,0,2025-07-19 20:29:00.660377
U007,U046,0,2025-11-19 20:29:00.660400
U007,U145,0,2025-11-22 20:29:00.660409
U007,U038,1,2026-02-05 20:29:00.660417
U007,U122,1,2025-11-28 20:29:00.660425
U007,U217,1,2026-01-15 20:29:00.660432
U007,U127,1,2025-07-06 20:29:00.660440
U007,U300,0,2025-07-02 20:29:00.660448
U007,U258,1,2025-08-20 20:29:00.660456
U007,U297,1,2026-04-27 20:29:00.660464
U007,U042,0,2025-12-14 20:29:00.660470
U007,U013,1,2026-02-23 20:29:00.660478
U007,U183,0,2026-02-24 20:29:00.660486
U007,U180,0,2026-05-15 20:29:00.660494
U007,U285,1,2025-10-16 20:29:00.660501
U007,U188,0,2025-10-18 20:29:00.660508
U007,U171,0,2026-04-02 20:29:00.660515
U007,U124,0,2026-05-22 20:29:00.660523
U007,U101,0,2026-01-31 20:29:00.660530
U007,U149,0,2026-05-28 20:29:00.660538
U007,U226,1,2026-01-13 20:29:00.660545
U008,U288,0,2025-07-05 20:29:00.660564
U008,U253,0,2025-11-16 20:29:00.660572
U008,U063,0,2026-04-10 20:29:00.660580
U008,U132,0,2025-06-07 20:29:00.660587
U008,U193,0,2026-02-13 20:29:00.660594
U008,U194,0,2026-05-18 20:29:00.660601
U008,U259,0,2026-02-05 20:29:00.660609
U008,U218,1,2025-11-02 20:29:00.660616
U008,U057,1,2025-10-25 20:29:00.660624
U008,U210,0,2026-04-13 20:29:00.660631
U008,U038,0,2025-08-20 20:29:00.660638
U008,U175,0,2026-02-07 20:29:00.660646
U008,U217,0,2025-12-20 20:29:00.660655
U008,U051,0,2026-03-16 20:29:00.660662
U008,U110,0,2025-11-12 20:29:00.660669
U008,U134,0,2025-11-24 20:29:00.660676
U008,U187,0,2025-10-15 20:29:00.660683
U008,U270,0,2026-02-19 20:29:00.660690
U008,U122,0,2025-09-05 20:29:00.660698
U008,U220,0,2026-04-11 20:29:00.660704
U009,U172,0,2026-05-09 20:29:00.660721
U009,U095,0,2025-12-11 20:29:00.660729
U009,U211,0,2026-06-05 20:29:00.660736
U009,U159,1,2025-09-10 20:29:00.660743
U009,U050,0,2026-05-25 20:29:00.660751
U009,U251,0,2026-05-08 20:29:00.660758
U009,U152,0,2025-09-24 20:29:00.660766
U009,U116,0,2025-07-17 20:29:00.660773
U009,U072,0,2025-06-17 20:29:00.660780
U009,U113,1,2026-01-28 20:29:00.660787
U009,U162,0,2026-03-23 20:29:00.660794
U009,U245,0,2025-07-03 20:29:00.660801
U009,U139,0,2026-01-13 20:29:00.660808
U009,U034,0,2025-10-03 20:29:00.660817
U009,U078,0,2026-04-04 20:29:00.660825
U009,U280,0,2025-12-08 20:29:00.660833
U009,U105,0,2025-10-27 20:29:00.660840
U009,U145,0,2025-06-11 20:29:00.660847
U009,U226,0,2025-12-17 20:29:00.660855
U009,U170,0,2026-03-09 20:29:00.660862
U010,U108,0,2025-07-24 20:29:00.660881
U010,U289,0,2025-08-05 20:29:00.660893
U010,U239,0,2026-05-05 20:29:00.660901
U010,U087,0,2026-04-09 20:29:00.660909
U010,U012,0,2026-05-22 20:29:00.660918
U010,U249,1,2025-07-02 20:29:00.660926
U010,U129,0,2025-08-05 20:29:00.660933
U010,U268,0,2025-08-29 20:29:00.660940
U010,U263,0,2025-09-23 20:29:00.660948
U010,U002,0,2025-07-23 20:29:00.660956
U010,U241,0,2026-01-08 20:29:00.660963
U010,U051,0,2025-12-07 20:29:00.660970
U010,U104,0,2025-10-18 20:29:00.660977
U010,U185,0,2026-01-16 20:29:00.660984
U010,U026,0,2025-09-26 20:29:00.660991
U010,U057,1,2025-07-25 20:29:00.660999
U010,U267,0,2026-04-01 20:29:00.661006
U010,U079,0,2026-02-17 20:29:00.661013
U010,U226,0,2026-05-21 20:29:00.661021
U010,U293,0,2025-10-07 20:29:00.661028
U011,U236,1,2026-03-08 20:29:00.661046
U011,U051,0,2025-11-04 20:29:00.661055
U011,U184,0,2026-02-05 20:29:00.661063
U011,U196,0,2025-12-22 20:29:00.661070
U011,U049,0,2026-02-16 20:29:00.661077
U011,U282,0,2025-10-17 20:29:00.661084
U011,U164,1,2025-10-05 20:29:00.661091
U011,U012,0,2025-09-16 20:29:00.661098
U011,U254,0,2025-08-29 20:29:00.661105
U011,U151,0,2026-03-29 20:29:00.661113
U011,U048,0,2025-11-16 20:29:00.661120
U011,U174,0,2025-07-21 20:29:00.661128
U011,U075,0,2026-05-28 20:29:00.661135
U011,U283,1,2025-08-20 20:29:00.661143
U011,U265,0,2026-05-01 20:29:00.661150
U011,U052,0,2026-02-17 20:29:00.661158
U011,U037,0,2026-04-16 20:29:00.661167
U011,U154,0,2026-04-04 20:29:00.661175
U011,U071,0,2025-11-03 20:29:00.661182
U011,U126,0,2026-01-21 20:29:00.661189
U012,U264,0,2026-03-01 20:29:00.661208
U012,U278,0,2025-10-31 20:29:00.661216
U012,U180,0,2025-06-22 20:29:00.661223
U012,U030,0,2026-02-05 20:29:00.661231
U012,U225,1,2025-12-31 20:29:00.661237
U012,U179,1,2025-06-28 20:29:00.661245
U012,U285,0,2025-06-17 20:29:00.661252
U012,U277,0,2026-02-16 20:29:00.661260
U012,U075,1,2025-07-28 20:29:00.661268
U012,U100,0,2026-06-04 20:29:00.661276
U012,U203,0,2025-09-21 20:29:00.661283
U012,U093,0,2025-06-21 20:29:00.661291
U012,U187,1,2025-09-16 20:29:00.661307
U012,U212,0,2026-01-08 20:29:00.661316
U012,U144,0,2026-01-14 20:29:00.661324
U012,U099,0,2025-12-02 20:29:00.661332
U012,U077,0,2025-11-07 20:29:00.661339
U012,U106,1,2026-05-15 20:29:00.661347
U012,U297,0,2026-05-28 20:29:00.661354
U012,U018,1,2026-06-05 20:29:00.661362
U013,U109,0,2025-08-10 20:29:00.661380
U013,U115,1,2025-07-22 20:29:00.661389
U013,U108,0,2026-01-22 20:29:00.661396
U013,U295,0,2026-05-28 20:29:00.661403
U013,U257,0,2025-11-09 20:29:00.661412
U013,U103,0,2026-01-11 20:29:00.661419
U013,U288,0,2025-10-05 20:29:00.661427
U013,U087,0,2026-04-23 20:29:00.661436
U013,U245,0,2026-04-15 20:29:00.661444
U013,U201,1,2025-07-15 20:29:00.661451
U013,U072,0,2025-07-26 20:29:00.661458
U013,U102,0,2026-03-17 20:29:00.661466
U013,U277,1,2026-01-31 20:29:00.661473
U013,U105,0,2026-04-19 20:29:00.661480
U013,U260,0,2026-05-13 20:29:00.661487
U013,U187,0,2026-04-13 20:29:00.661493
U013,U082,0,2025-12-09 20:29:00.661501
U013,U099,0,2025-09-25 20:29:00.661508
U013,U030,0,2025-07-18 20:29:00.661515
U013,U110,0,2025-08-30 20:29:00.661523
U014,U070,0,2026-03-30 20:29:00.661542
U014,U133,1,2025-06-08 20:29:00.661551
U014,U226,0,2026-02-02 20:29:00.661559
U014,U088,0,2025-08-20 20:29:00.661566
U014,U189,0,2025-12-28 20:29:00.661573
U014,U203,1,2025-09-16 20:29:00.661581
U014,U112,1,2025-09-16 20:29:00.661588
U014,U280,1,2025-07-28 20:29:00.661595
U014,U010,0,2026-04-10 20:29:00.661602
U014,U290,0,2026-04-04 20:29:00.661609
U014,U172,0,2025-09-23 20:29:00.661617
U014,U174,0,2026-04-30 20:29:00.661624
U014,U162,0,2026-01-13 20:29:00.661631
U014,U071,0,2025-10-02 20:29:00.661639
U014,U270,0,2026-03-20 20:29:00.661645
U014,U158,0,2026-02-16 20:29:00.661653
U014,U099,0,2026-01-13 20:29:00.661660
U014,U269,0,2025-12-05 20:29:00.661667
U014,U043,1,2026-03-07 20:29:00.661674
U014,U239,0,2026-04-29 20:29:00.661684
U015,U052,0,2026-04-10 20:29:00.661702
U015,U188,0,2025-10-10 20:29:00.661710
U015,U065,0,2025-08-23 20:29:00.661717
U015,U056,0,2026-03-16 20:29:00.661725
U015,U189,0,2026-02-12 20:29:00.661733
U015,U147,0,2026-05-07 20:29:00.661741
U015,U088,1,2026-03-20 20:29:00.661748
U015,U229,0,2025-10-07 20:29:00.661756
U015,U266,1,2026-01-02 20:29:00.661764
U015,U281,0,2025-10-02 20:29:00.661771
U015,U137,0,2025-08-05 20:29:00.661778
U015,U237,0,2025-06-18 20:29:00.661785
U015,U097,0,2025-09-08 20:29:00.661793
U015,U256,0,2025-10-23 20:29:00.661801
U015,U121,1,2025-06-10 20:29:00.661808
U015,U002,0,2025-08-10 20:29:00.661816
U015,U089,0,2026-05-04 20:29:00.661823
U015,U149,0,2026-01-18 20:29:00.661830
U015,U031,0,2025-12-12 20:29:00.661838
U015,U215,0,2025-12-31 20:29:00.661846
U016,U153,0,2026-04-28 20:29:00.661863
U016,U137,0,2025-11-23 20:29:00.661871
U016,U105,1,2025-12-30 20:29:00.661879
U016,U042,1,2026-06-02 20:29:00.661886
U016,U014,0,2025-10-19 20:29:00.661894
U016,U092,0,2025-11-02 20:29:00.661901
U016,U149,1,2026-04-21 20:29:00.661908
U016,U034,0,2025-06-14 20:29:00.661915
U016,U051,0,2025-10-17 20:29:00.661923
U016,U295,0,2026-04-10 20:29:00.661930
U016,U117,1,2026-04-03 20:29:00.661939
U016,U140,1,2025-08-27 20:29:00.661948
U016,U220,0,2026-02-15 20:29:00.661955
U016,U182,1,2025-12-22 20:29:00.661962
U016,U237,1,2025-07-16 20:29:00.661968
U016,U085,0,2026-01-18 20:29:00.661976
U016,U019,1,2025-12-19 20:29:00.661984
U016,U015,1,2026-02-22 20:29:00.661991
U016,U052,0,2025-11-08 20:29:00.661998
U016,U076,0,2025-06-18 20:29:00.662006
U017,U237,0,2025-06-24 20:29:00.662023
U017,U154,0,2025-11-28 20:29:00.662031
U017,U244,1,2026-04-15 20:29:00.662039
U017,U080,1,2026-05-20 20:29:00.662047
U017,U231,1,2025-08-31 20:29:00.662054
U017,U114,0,2026-02-08 20:29:00.662061
U017,U107,0,2026-04-24 20:29:00.662069
U017,U072,1,2025-11-09 20:29:00.662076
U017,U028,0,2026-05-11 20:29:00.662083
U017,U290,0,2025-08-12 20:29:00.662090
U017,U036,0,2025-09-24 20:29:00.662097
U017,U013,0,2026-03-17 20:29:00.662104
U017,U295,0,2025-07-08 20:29:00.662111
U017,U066,1,2025-08-15 20:29:00.662118
U017,U038,0,2025-08-08 20:29:00.662125
U017,U120,1,2025-11-04 20:29:00.662132
U017,U021,0,2026-05-31 20:29:00.662139
U017,U063,1,2025-06-23 20:29:00.662147
U017,U188,0,2025-11-16 20:29:00.662154
U017,U206,0,2026-02-13 20:29:00.662161
U018,U286,0,2025-11-30 20:29:00.662181
U018,U126,1,2026-03-03 20:29:00.662189
U018,U002,0,2026-04-05 20:29:00.662197
U018,U285,0,2026-01-13 20:29:00.662207
U018,U005,1,2025-10-15 20:29:00.662215
U018,U115,0,2025-12-31 20:29:00.662223
U018,U071,1,2025-12-01 20:29:00.662231
U018,U264,0,2025-07-27 20:29:00.662239
U018,U150,0,2025-07-04 20:29:00.662246
U018,U079,0,2026-04-27 20:29:00.662254
U018,U048,0,2026-02-16 20:29:00.662261
U018,U203,1,2025-08-16 20:29:00.662269
U018,U225,1,2025-07-18 20:29:00.662276
U018,U226,0,2025-10-31 20:29:00.662288
U018,U118,0,2025-10-15 20:29:00.662300
U018,U096,0,2025-12-30 20:29:00.662310
U018,U224,1,2026-04-08 20:29:00.662376
U018,U270,0,2025-07-05 20:29:00.662453
U018,U267,0,2026-01-01 20:29:00.662477
U018,U205,1,2026-04-19 20:29:00.662492
U019,U204,0,2025-12-06 20:29:00.662588
U019,U012,0,2025-08-07 20:29:00.662609
U019,U098,0,2026-01-06 20:29:00.662624
U019,U203,0,2026-03-29 20:29:00.662637
U019,U068,0,2025-10-05 20:29:00.662651
U019,U217,1,2026-03-03 20:29:00.662664
U019,U189,0,2026-04-20 20:29:00.662677
U019,U237,0,2026-03-03 20:29:00.662691
U019,U224,1,2025-06-10 20:29:00.662702
U019,U232,1,2026-02-02 20:29:00.662752
U019,U089,0,2025-09-08 20:29:00.662773
U019,U152,0,2025-09-14 20:29:00.662786
U019,U165,0,2025-11-11 20:29:00.662803
U019,U191,0,2025-07-27 20:29:00.662815
U019,U287,0,2025-08-02 20:29:00.662830
U019,U202,0,2025-07-08 20:29:00.662842
U019,U147,0,2025-10-25 20:29:00.662853
U019,U016,0,2025-09-29 20:29:00.662865
U019,U297,0,2026-05-20 20:29:00.662878
U019,U257,0,2026-02-21 20:29:00.662890
U020,U150,1,2026-03-15 20:29:00.662930
U020,U056,0,2026-03-15 20:29:00.662942
U020,U066,0,2026-02-14 20:29:00.662953
U020,U267,0,2025-10-15 20:29:00.662965
U020,U059,0,2026-03-08 20:29:00.662976
U020,U104,1,2025-06-24 20:29:00.662988
U020,U165,0,2025-11-18 20:29:00.662999
U020,U028,1,2025-10-02 20:29:00.663010
U020,U092,0,2026-01-22 20:29:00.663022
U020,U121,1,2025-10-11 20:29:00.663033
U020,U258,1,2025-08-21 20:29:00.663043
U020,U026,0,2025-10-05 20:29:00.663052
U020,U031,1,2026-01-25 20:29:00.663063
U020,U257,1,2025-11-13 20:29:00.663076
U020,U220,1,2026-03-01 20:29:00.663087
U020,U064,1,2026-03-14 20:29:00.663101
U020,U008,0,2026-03-19 20:29:00.663112
U020,U051,1,2025-06-12 20:29:00.663121
U020,U218,0,2025-07-21 20:29:00.663131
U021,U154,0,2026-05-01 20:29:00.663166
U021,U276,1,2025-11-20 20:29:00.663179
U021,U270,1,2025-08-26 20:29:00.663191
U021,U217,0,2026-02-15 20:29:00.663208
U021,U274,1,2025-09-21 20:29:00.663218
U021,U190,0,2025-11-05 20:29:00.663228
U021,U141,0,2026-04-25 20:29:00.663239
U021,U152,0,2025-10-17 20:29:00.663254
U021,U149,0,2026-01-07 20:29:00.663265
U021,U111,0,2026-02-28 20:29:00.663275
U021,U218,1,2025-08-17 20:29:00.663286
U021,U294,0,2026-02-02 20:29:00.663298
U021,U228,0,2025-10-13 20:29:00.663326
U021,U251,1,2025-08-23 20:29:00.663338
U021,U275,0,2025-10-05 20:29:00.663346
U021,U290,1,2026-01-12 20:29:00.663354
U021,U186,0,2025-06-16 20:29:00.663364
U021,U240,0,2026-03-10 20:29:00.663374
U021,U254,0,2025-12-09 20:29:00.663384
U021,U261,0,2026-03-07 20:29:00.663394
U022,U030,1,2025-08-30 20:29:00.663427
U022,U188,0,2026-04-19 20:29:00.663478
U022,U275,1,2026-04-18 20:29:00.663505
U022,U187,1,2026-03-21 20:29:00.663520
U022,U206,0,2026-02-24 20:29:00.663533
U022,U070,1,2025-10-25 20:29:00.663548
U022,U139,1,2026-02-22 20:29:00.663561
U022,U214,1,2026-04-27 20:29:00.663572
U022,U016,0,2026-05-11 20:29:00.663592
U022,U243,0,2026-05-13 20:29:00.663604
U022,U004,0,2026-04-27 20:29:00.663615
U022,U202,0,2026-03-17 20:29:00.663627
U022,U028,0,2025-12-23 20:29:00.663639
U022,U015,1,2025-09-14 20:29:00.663652
U022,U088,0,2026-01-02 20:29:00.663663
U022,U122,0,2026-04-02 20:29:00.663674
U022,U051,0,2026-04-25 20:29:00.663687
U022,U017,0,2025-07-11 20:29:00.663703
U022,U274,0,2025-09-22 20:29:00.663715
U022,U041,0,2025-11-21 20:29:00.663729
U023,U094,0,2025-08-12 20:29:00.663770
U023,U193,0,2026-03-31 20:29:00.663911
U023,U190,1,2026-04-21 20:29:00.663925
U023,U249,0,2025-07-28 20:29:00.663938
U023,U256,0,2025-11-26 20:29:00.663964
U023,U286,0,2026-04-04 20:29:00.663973
U023,U142,0,2025-11-01 20:29:00.663983
U023,U161,0,2026-02-21 20:29:00.663993
U023,U125,1,2025-06-20 20:29:00.664005
U023,U266,0,2025-09-04 20:29:00.664017
U023,U198,0,2025-08-18 20:29:00.664027
U023,U035,1,2026-01-05 20:29:00.664039
U023,U132,1,2025-10-21 20:29:00.664049
U023,U170,0,2025-08-29 20:29:00.664058
U023,U236,1,2025-09-04 20:29:00.664071
U023,U146,0,2026-04-27 20:29:00.664084
U023,U157,1,2026-02-20 20:29:00.664095
U023,U040,0,2025-11-13 20:29:00.664103
U023,U104,0,2026-03-24 20:29:00.664112
U023,U187,0,2025-09-14 20:29:00.664124
U024,U181,0,2025-11-01 20:29:00.664155
U024,U065,0,2025-10-26 20:29:00.664168
U024,U122,0,2025-07-20 20:29:00.664180
U024,U224,1,2025-07-14 20:29:00.664192
U024,U142,0,2026-02-09 20:29:00.664205
U024,U248,0,2025-10-29 20:29:00.664218
U024,U170,0,2025-10-29 20:29:00.664230
U024,U150,1,2025-07-01 20:29:00.664241
U024,U222,0,2025-09-17 20:29:00.664250
U024,U237,0,2025-10-14 20:29:00.664259
U024,U152,0,2025-08-21 20:29:00.664271
U024,U131,0,2025-10-03 20:29:00.664289
U024,U214,0,2026-01-16 20:29:00.664301
U024,U080,0,2025-06-13 20:29:00.664310
U024,U157,0,2025-08-03 20:29:00.664318
U024,U244,1,2025-07-21 20:29:00.664327
U024,U102,0,2025-08-27 20:29:00.664335
U024,U005,0,2025-06-20 20:29:00.664343
U024,U185,1,2025-09-15 20:29:00.664352
U024,U050,0,2025-12-15 20:29:00.664360
U025,U160,0,2025-06-20 20:29:00.664383
U025,U080,0,2025-09-25 20:29:00.664393
U025,U198,0,2026-02-02 20:29:00.664401
U025,U068,0,2025-07-26 20:29:00.664410
U025,U187,0,2025-10-01 20:29:00.664418
U025,U001,0,2025-08-09 20:29:00.664426
U025,U214,1,2025-08-09 20:29:00.664434
U025,U061,0,2025-09-07 20:29:00.664443
U025,U032,1,2026-05-27 20:29:00.664452
U025,U206,0,2026-05-08 20:29:00.664460
U025,U069,1,2025-12-05 20:29:00.664468
U025,U298,0,2025-08-09 20:29:00.664476
U025,U231,1,2026-01-12 20:29:00.664485
U025,U072,0,2025-06-11 20:29:00.664493
U025,U243,0,2026-05-01 20:29:00.664501
U025,U076,0,2026-06-04 20:29:00.664510
U025,U048,1,2025-06-22 20:29:00.664517
U025,U192,0,2026-01-14 20:29:00.664525
U025,U016,0,2026-03-13 20:29:00.664532
U025,U033,0,2025-06-19 20:29:00.664540
U026,U056,0,2025-12-06 20:29:00.664560
U026,U196,0,2026-06-05 20:29:00.664573
U026,U176,0,2025-08-03 20:29:00.664584
U026,U192,0,2025-12-25 20:29:00.664592
U026,U059,0,2025-11-25 20:29:00.664601
U026,U089,1,2025-06-25 20:29:00.664610
U026,U243,0,2025-12-07 20:29:00.664618
U026,U134,0,2025-11-22 20:29:00.664626
U026,U154,0,2025-07-21 20:29:00.664635
U026,U285,1,2025-12-16 20:29:00.664644
U026,U209,0,2026-01-18 20:29:00.664651
U026,U077,0,2026-05-28 20:29:00.664660
U026,U219,0,2026-03-16 20:29:00.664668
U026,U031,0,2026-01-28 20:29:00.664676
U026,U233,1,2025-12-10 20:29:00.664687
U026,U214,0,2025-07-22 20:29:00.664695
U026,U194,1,2026-04-12 20:29:00.664703
U026,U117,0,2026-04-02 20:29:00.664711
U026,U174,1,2025-09-08 20:29:00.664719
U026,U112,1,2025-07-13 20:29:00.664726
U027,U182,0,2026-02-13 20:29:00.664750
U027,U156,0,2025-12-15 20:29:00.664759
U027,U064,0,2025-07-19 20:29:00.664768
U027,U268,1,2025-12-26 20:29:00.664779
U027,U260,0,2026-01-06 20:29:00.664788
U027,U103,1,2025-08-31 20:29:00.664795
U027,U287,0,2026-04-07 20:29:00.664804
U027,U088,0,2025-07-21 20:29:00.664812
U027,U298,0,2026-05-29 20:29:00.664821
U027,U252,0,2026-05-20 20:29:00.664829
U027,U043,0,2025-08-01 20:29:00.664839
U027,U229,0,2025-10-09 20:29:00.664847
U027,U206,0,2025-08-04 20:29:00.664854
U027,U178,0,2025-07-08 20:29:00.664862
U027,U118,1,2025-11-16 20:29:00.664872
U027,U154,0,2025-07-23 20:29:00.664880
U027,U278,0,2025-11-13 20:29:00.664887
U027,U239,0,2026-04-12 20:29:00.664896
U027,U051,0,2025-06-30 20:29:00.664903
U027,U258,0,2025-09-05 20:29:00.664911
U028,U102,0,2026-02-20 20:29:00.664930
U028,U103,1,2025-07-05 20:29:00.664939
U028,U243,0,2026-02-28 20:29:00.664947
U028,U219,0,2025-11-11 20:29:00.664955
U028,U094,0,2025-10-05 20:29:00.664963
U028,U035,0,2025-10-04 20:29:00.664970
U028,U081,0,2026-05-23 20:29:00.664978
U028,U012,0,2026-01-15 20:29:00.664986
U028,U147,0,2026-03-09 20:29:00.664994
U028,U091,0,2025-08-28 20:29:00.665001
U028,U146,0,2025-09-30 20:29:00.665009
U028,U279,1,2026-02-05 20:29:00.665016
U028,U206,0,2026-03-04 20:29:00.665024
U028,U299,0,2025-11-14 20:29:00.665031
U028,U173,0,2026-01-24 20:29:00.665039
U028,U181,0,2025-11-11 20:29:00.665047
U028,U015,1,2026-01-29 20:29:00.665055
U028,U020,1,2025-08-21 20:29:00.665063
U028,U029,0,2025-06-14 20:29:00.665070
U028,U065,0,2025-11-14 20:29:00.665078
U029,U236,1,2025-08-06 20:29:00.665097
U029,U151,1,2025-07-10 20:29:00.665105
U029,U028,0,2026-02-13 20:29:00.665112
U029,U091,1,2025-07-18 20:29:00.665120
U029,U238,0,2026-01-07 20:29:00.665152
U029,U219,0,2026-03-26 20:29:00.665190
U029,U212,0,2025-07-10 20:29:00.665217
U029,U213,1,2026-02-07 20:29:00.665238
U029,U078,1,2025-08-28 20:29:00.665250
U029,U047,0,2025-07-04 20:29:00.665261
U029,U157,1,2025-08-17 20:29:00.665271
U029,U121,0,2026-01-21 20:29:00.665281
U029,U291,0,2026-02-06 20:29:00.665290
U029,U131,0,2025-09-20 20:29:00.665299
U029,U243,0,2025-06-19 20:29:00.665310
U029,U059,0,2025-12-09 20:29:00.665319
U029,U113,0,2025-06-21 20:29:00.665328
U029,U208,1,2025-08-18 20:29:00.665338
U029,U090,0,2025-08-17 20:29:00.665347
U029,U239,0,2025-07-29 20:29:00.665357
U030,U040,0,2025-12-12 20:29:00.665391
U030,U265,1,2025-10-25 20:29:00.665401
U030,U142,0,2025-11-21 20:29:00.665409
U030,U036,0,2025-12-29 20:29:00.665417
U030,U284,0,2026-01-04 20:29:00.665424
U030,U274,1,2026-02-19 20:29:00.665432
U030,U209,0,2026-05-01 20:29:00.665439
U030,U101,0,2026-05-04 20:29:00.665447
U030,U250,0,2025-09-22 20:29:00.665455
U030,U291,0,2025-10-01 20:29:00.665462
U030,U043,0,2026-04-21 20:29:00.665469
U030,U198,0,2026-02-26 20:29:00.665477
U030,U232,0,2025-12-13 20:29:00.665484
U030,U236,0,2026-02-27 20:29:00.665493
U030,U054,0,2026-03-26 20:29:00.665501
U030,U269,0,2026-01-16 20:29:00.665514
U030,U138,0,2026-03-22 20:29:00.665522
U030,U286,0,2025-06-06 20:29:00.665530
U030,U213,0,2026-05-08 20:29:00.665540
U030,U233,0,2025-12-24 20:29:00.665548
U031,U264,0,2025-10-03 20:29:00.665568
U031,U261,0,2025-08-12 20:29:00.665580
U031,U182,0,2025-06-11 20:29:00.665591
U031,U040,0,2026-05-10 20:29:00.665601
U031,U072,0,2025-10-18 20:29:00.665614
U031,U078,0,2025-07-05 20:29:00.665621
U031,U028,0,2026-02-02 20:29:00.665630
U031,U106,0,2026-02-14 20:29:00.665639
U031,U153,0,2025-12-06 20:29:00.665646
U031,U145,0,2025-11-17 20:29:00.665655
U031,U192,0,2026-06-01 20:29:00.665666
U031,U122,0,2026-05-07 20:29:00.665677
U031,U202,0,2026-04-12 20:29:00.665689
U031,U277,1,2025-11-18 20:29:00.665699
U031,U293,1,2025-11-27 20:29:00.665709
U031,U257,0,2025-09-11 20:29:00.665721
U031,U048,0,2025-12-30 20:29:00.665732
U031,U033,1,2025-09-06 20:29:00.665742
U031,U151,0,2025-11-26 20:29:00.665754
U031,U117,0,2026-03-16 20:29:00.665767
U032,U111,1,2025-11-19 20:29:00.665800
U032,U197,0,2025-12-28 20:29:00.665815
U032,U048,1,2025-10-20 20:29:00.665826
U032,U045,1,2025-12-25 20:29:00.665839
U032,U153,0,2026-04-18 20:29:00.665850
U032,U167,0,2025-09-08 20:29:00.665861
U032,U231,1,2025-09-28 20:29:00.665873
U032,U008,0,2025-09-04 20:29:00.665890
U032,U180,0,2025-09-12 20:29:00.665903
U032,U095,0,2025-10-27 20:29:00.665917
U032,U096,0,2025-07-11 20:29:00.665929
U032,U275,1,2025-11-12 20:29:00.665940
U032,U055,0,2025-10-12 20:29:00.665953
U032,U237,0,2026-03-06 20:29:00.665966
U032,U205,0,2026-03-20 20:29:00.665980
U032,U196,1,2025-12-01 20:29:00.665993
U032,U244,0,2026-03-03 20:29:00.666006
U032,U131,0,2026-05-08 20:29:00.666017
U032,U120,0,2026-03-07 20:29:00.666030
U032,U125,0,2025-06-11 20:29:00.666046
U033,U026,1,2026-01-20 20:29:00.666078
U033,U074,1,2025-10-24 20:29:00.666090
U033,U222,0,2026-03-03 20:29:00.666103
U033,U140,0,2025-08-16 20:29:00.666116
U033,U299,0,2025-08-20 20:29:00.666128
U033,U146,0,2025-06-11 20:29:00.666141
U033,U164,0,2026-04-23 20:29:00.666152
U033,U270,0,2026-01-02 20:29:00.666165
U033,U249,0,2026-05-23 20:29:00.666179
U033,U054,1,2025-11-16 20:29:00.666192
U033,U106,1,2026-01-21 20:29:00.666204
U033,U020,0,2026-04-14 20:29:00.666216
U033,U056,1,2025-09-19 20:29:00.666228
U033,U070,0,2025-09-04 20:29:00.666240
U033,U065,0,2025-06-18 20:29:00.666250
U033,U103,0,2025-08-08 20:29:00.666261
U033,U102,1,2026-02-10 20:29:00.666273
U033,U159,1,2025-08-20 20:29:00.666283
U033,U291,0,2025-10-29 20:29:00.666295
U033,U090,0,2025-06-23 20:29:00.666307
U034,U138,1,2025-11-18 20:29:00.666339
U034,U257,1,2025-07-23 20:29:00.666355
U034,U114,0,2026-05-18 20:29:00.666364
U034,U128,0,2025-09-12 20:29:00.666373
U034,U195,0,2026-05-28 20:29:00.666381
U034,U238,0,2025-06-20 20:29:00.666389
U034,U057,0,2026-01-04 20:29:00.666398
U034,U142,0,2026-04-04 20:29:00.666406
U034,U031,0,2025-08-15 20:29:00.666413
U034,U220,0,2026-05-27 20:29:00.666421
U034,U295,0,2025-09-25 20:29:00.666429
U034,U048,1,2026-01-09 20:29:00.666437
U034,U044,1,2026-02-19 20:29:00.666444
U034,U148,0,2026-01-03 20:29:00.666451
U034,U231,0,2026-02-28 20:29:00.666459
U034,U054,0,2026-01-30 20:29:00.666469
U034,U198,0,2026-05-12 20:29:00.666477
U034,U266,0,2025-10-01 20:29:00.666485
U034,U035,0,2026-03-14 20:29:00.666492
U034,U241,0,2025-10-13 20:29:00.666500
U035,U008,1,2025-06-28 20:29:00.666521
U035,U265,0,2025-12-31 20:29:00.666529
U035,U237,0,2025-10-10 20:29:00.666537
U035,U106,1,2025-09-12 20:29:00.666544
U035,U004,0,2026-03-07 20:29:00.666551
U035,U168,1,2025-09-27 20:29:00.666559
U035,U174,0,2025-09-20 20:29:00.666569
U035,U088,1,2025-07-11 20:29:00.666578
U035,U205,0,2026-04-06 20:29:00.666587
U035,U076,0,2026-01-12 20:29:00.666595
U035,U163,0,2026-01-20 20:29:00.666602
U035,U027,1,2026-04-12 20:29:00.666609
U035,U261,1,2026-05-17 20:29:00.666619
U035,U248,0,2026-03-31 20:29:00.666628
U035,U184,1,2025-08-11 20:29:00.666636
U035,U157,0,2025-12-05 20:29:00.666644
U035,U036,0,2025-12-28 20:29:00.666652
U035,U185,1,2026-02-21 20:29:00.666659
U035,U230,0,2025-08-07 20:29:00.666666
U035,U082,0,2025-09-07 20:29:00.666674
U036,U184,1,2025-09-24 20:29:00.666692
U036,U023,0,2025-11-27 20:29:00.666700
U036,U186,1,2026-03-08 20:29:00.666708
U036,U088,0,2025-10-02 20:29:00.666715
U036,U008,0,2026-04-26 20:29:00.666722
U036,U222,1,2025-09-17 20:29:00.666730
U036,U025,0,2026-05-14 20:29:00.666738
U036,U293,0,2026-02-26 20:29:00.666745
U036,U097,0,2025-11-14 20:29:00.666753
U036,U056,0,2025-07-08 20:29:00.666761
U036,U028,0,2025-07-28 20:29:00.666769
U036,U268,0,2025-11-10 20:29:00.666776
U036,U042,0,2026-05-27 20:29:00.666783
U036,U144,1,2026-03-14 20:29:00.666790
U036,U094,1,2026-03-10 20:29:00.666797
U036,U054,0,2025-12-11 20:29:00.666805
U036,U108,0,2025-09-02 20:29:00.666812
U036,U165,1,2025-08-22 20:29:00.666820
U036,U170,0,2026-04-27 20:29:00.666828
U036,U133,1,2025-10-11 20:29:00.666835
U037,U142,0,2025-07-08 20:29:00.666854
U037,U028,1,2025-10-06 20:29:00.666862
U037,U273,1,2025-09-22 20:29:00.666887
U037,U050,0,2026-03-11 20:29:00.666895
U037,U080,0,2026-03-17 20:29:00.666903
U037,U131,1,2026-01-25 20:29:00.666913
U037,U216,1,2026-05-11 20:29:00.666920
U037,U282,0,2025-12-10 20:29:00.666928
U037,U217,0,2025-11-16 20:29:00.666935
U037,U259,0,2026-03-27 20:29:00.666942
U037,U089,0,2026-05-29 20:29:00.666949
U037,U292,0,2026-05-19 20:29:00.666958
U037,U060,0,2025-10-23 20:29:00.666966
U037,U236,0,2025-11-25 20:29:00.666974
U037,U133,0,2025-08-06 20:29:00.666981
U037,U257,0,2026-04-22 20:29:00.666988
U037,U203,0,2025-12-16 20:29:00.666995
U037,U175,0,2026-05-31 20:29:00.667003
U037,U284,0,2026-01-04 20:29:00.667010
U037,U240,1,2026-03-27 20:29:00.667018
U038,U152,0,2026-02-06 20:29:00.667038
U038,U198,0,2025-06-23 20:29:00.667045
U038,U012,0,2026-05-08 20:29:00.667053
U038,U293,0,2025-07-22 20:29:00.667060
U038,U111,1,2026-05-21 20:29:00.667068
U038,U105,0,2026-03-04 20:29:00.667075
U038,U080,0,2026-04-05 20:29:00.667083
U038,U048,0,2026-02-07 20:29:00.667090
U038,U283,0,2026-05-02 20:29:00.667097
U038,U270,0,2025-06-14 20:29:00.667104
U038,U052,1,2025-07-18 20:29:00.667112
U038,U009,0,2026-02-04 20:29:00.667120
U038,U220,1,2026-05-17 20:29:00.667127
U038,U174,0,2025-06-27 20:29:00.667134
U038,U091,1,2025-12-21 20:29:00.667142
U038,U158,0,2025-09-01 20:29:00.667149
U038,U003,0,2025-09-22 20:29:00.667158
U038,U214,0,2025-12-04 20:29:00.667167
U038,U095,0,2026-02-21 20:29:00.667175
U038,U011,0,2026-02-01 20:29:00.667182
U039,U119,1,2025-08-31 20:29:00.667201
U039,U238,0,2025-07-23 20:29:00.667210
U039,U271,0,2025-07-21 20:29:00.667217
U039,U169,0,2026-06-05 20:29:00.667227
U039,U038,0,2026-03-20 20:29:00.667234
U039,U045,0,2025-11-22 20:29:00.667244
U039,U092,0,2025-11-04 20:29:00.667252
U039,U134,0,2025-11-05 20:29:00.667259
U039,U272,0,2025-12-12 20:29:00.667266
U039,U279,1,2025-12-12 20:29:00.667273
U039,U117,0,2026-05-22 20:29:00.667280
U039,U031,0,2025-08-29 20:29:00.667287
U039,U110,0,2026-03-18 20:29:00.667294
U039,U220,0,2025-10-03 20:29:00.667301
U039,U165,0,2025-06-09 20:29:00.667308
U039,U176,1,2026-01-05 20:29:00.667315
U039,U274,0,2025-08-20 20:29:00.667322
U039,U004,0,2025-09-24 20:29:00.667329
U039,U224,0,2026-03-26 20:29:00.667336
U039,U295,1,2025-08-06 20:29:00.667343
U040,U198,0,2026-03-09 20:29:00.667361
U040,U298,0,2025-07-12 20:29:00.667369
U040,U208,0,2025-10-21 20:29:00.667377
U040,U140,0,2025-09-13 20:29:00.667384
U040,U006,0,2026-05-01 20:29:00.667392
U040,U213,0,2025-07-14 20:29:00.667399
U040,U206,0,2025-08-20 20:29:00.667406
U040,U145,0,2026-05-15 20:29:00.667413
U040,U011,0,2026-03-02 20:29:00.667423
U040,U194,0,2025-07-13 20:29:00.667430
U040,U209,0,2026-03-05 20:29:00.667437
U040,U115,0,2025-07-21 20:29:00.667444
U040,U267,0,2025-07-17 20:29:00.667451
U040,U002,0,2025-08-30 20:29:00.667459
U040,U120,0,2025-10-19 20:29:00.667467
U040,U075,0,2025-09-13 20:29:00.667474
U040,U068,0,2025-11-05 20:29:00.667482
U040,U216,0,2026-03-11 20:29:00.667489
U040,U129,0,2025-08-24 20:29:00.667496
U040,U146,1,2025-07-10 20:29:00.667503
U041,U029,1,2025-07-25 20:29:00.667520
U041,U188,0,2025-08-06 20:29:00.667528
U041,U076,0,2025-08-07 20:29:00.667536
U041,U137,0,2026-01-18 20:29:00.667543
U041,U155,0,2025-09-29 20:29:00.667550
U041,U212,1,2025-08-09 20:29:00.667557
U041,U005,0,2025-07-10 20:29:00.667565
U041,U044,0,2025-10-03 20:29:00.667572
U041,U055,1,2025-10-05 20:29:00.667579
U041,U009,1,2025-10-11 20:29:00.667586
U041,U106,0,2025-07-09 20:29:00.667593
U041,U102,0,2025-11-24 20:29:00.667600
U041,U257,1,2025-08-30 20:29:00.667607
U041,U161,1,2026-05-09 20:29:00.667614
U041,U285,0,2026-04-27 20:29:00.667621
U041,U278,0,2026-05-22 20:29:00.667628
U041,U096,0,2026-03-22 20:29:00.667634
U041,U229,0,2025-06-16 20:29:00.667642
U041,U003,0,2026-01-21 20:29:00.667649
U041,U292,0,2025-06-16 20:29:00.667656
U042,U040,0,2026-04-03 20:29:00.667676
U042,U045,1,2025-12-26 20:29:00.667684
U042,U233,1,2026-06-01 20:29:00.667692
U042,U198,0,2026-05-03 20:29:00.667699
U042,U078,0,2026-02-13 20:29:00.667706
U042,U241,0,2026-02-12 20:29:00.667713
U042,U043,1,2025-06-24 20:29:00.667720
U042,U187,0,2025-09-18 20:29:00.667726
U042,U052,0,2025-08-16 20:29:00.667733
U042,U277,0,2025-07-08 20:29:00.667740
U042,U128,1,2025-11-09 20:29:00.667747
U042,U176,0,2025-12-06 20:29:00.667754
U042,U094,1,2025-12-21 20:29:00.667761
U042,U234,1,2026-02-12 20:29:00.667767
U042,U091,0,2025-06-11 20:29:00.667774
U042,U251,0,2025-09-15 20:29:00.667782
U042,U238,0,2026-05-01 20:29:00.667788
U042,U196,0,2026-04-16 20:29:00.667795
U042,U122,0,2026-02-08 20:29:00.667802
U042,U054,0,2026-03-31 20:29:00.667809
U043,U069,0,2026-01-10 20:29:00.667827
U043,U011,0,2026-05-28 20:29:00.667834
U043,U044,0,2026-02-21 20:29:00.667841
U043,U031,0,2025-09-07 20:29:00.667848
U043,U249,1,2025-09-11 20:29:00.667855
U043,U279,1,2026-02-24 20:29:00.667862
U043,U007,1,2025-10-08 20:29:00.667870
U043,U244,0,2025-09-04 20:29:00.667878
U043,U013,0,2026-05-28 20:29:00.667885
U043,U054,0,2026-04-12 20:29:00.667892
U043,U273,0,2025-06-29 20:29:00.667899
U043,U151,0,2025-08-04 20:29:00.667907
U043,U159,0,2025-08-18 20:29:00.667918
U043,U018,0,2026-01-25 20:29:00.667926
U043,U255,1,2025-11-26 20:29:00.667933
U043,U178,0,2025-09-13 20:29:00.667940
U043,U058,0,2025-08-26 20:29:00.667948
U043,U294,0,2026-02-02 20:29:00.667955
U043,U225,0,2025-10-24 20:29:00.667962
U043,U010,0,2026-03-17 20:29:00.667969
U044,U247,1,2026-01-18 20:29:00.667987
U044,U226,0,2026-05-27 20:29:00.667995
U044,U216,0,2025-06-19 20:29:00.668002
U044,U163,0,2025-06-16 20:29:00.668011
U044,U102,0,2025-07-10 20:29:00.668018
U044,U129,0,2026-01-14 20:29:00.668025
U044,U218,0,2025-08-04 20:29:00.668033
U044,U143,0,2026-04-14 20:29:00.668040
U044,U153,0,2026-04-16 20:29:00.668047
U044,U152,1,2026-01-12 20:29:00.668054
U044,U252,0,2025-12-03 20:29:00.668061
U044,U019,0,2026-05-07 20:29:00.668069
U044,U035,0,2026-05-18 20:29:00.668075
U044,U160,0,2025-06-29 20:29:00.668082
U044,U188,0,2026-01-04 20:29:00.668089
U044,U042,1,2025-11-05 20:29:00.668097
U044,U206,1,2026-01-26 20:29:00.668104
U044,U005,0,2026-03-27 20:29:00.668111
U044,U098,0,2026-01-18 20:29:00.668118
U044,U064,0,2026-04-01 20:29:00.668126
U045,U229,0,2026-04-09 20:29:00.668144
U045,U014,0,2025-08-13 20:29:00.668152
U045,U152,0,2025-12-24 20:29:00.668159
U045,U071,0,2026-04-22 20:29:00.668170
U045,U291,1,2025-07-24 20:29:00.668178
U045,U172,1,2025-12-12 20:29:00.668185
U045,U300,0,2025-12-21 20:29:00.668195
U045,U100,0,2025-10-07 20:29:00.668203
U045,U091,1,2025-09-24 20:29:00.668211
U045,U278,0,2026-05-21 20:29:00.668218
U045,U108,0,2026-06-01 20:29:00.668225
U045,U068,0,2026-04-09 20:29:00.668233
U045,U057,0,2025-07-21 20:29:00.668241
U045,U219,1,2025-12-17 20:29:00.668249
U045,U080,1,2025-12-31 20:29:00.668256
U045,U273,1,2026-06-01 20:29:00.668263
U045,U243,1,2026-06-03 20:29:00.668271
U045,U181,0,2026-03-15 20:29:00.668278
U045,U238,1,2025-11-21 20:29:00.668285
U045,U149,0,2025-10-15 20:29:00.668292
U046,U230,0,2026-05-25 20:29:00.668310
U046,U233,1,2025-07-09 20:29:00.668319
U046,U008,0,2026-06-04 20:29:00.668327
U046,U140,1,2025-09-02 20:29:00.668335
U046,U274,0,2026-01-28 20:29:00.668342
U046,U256,1,2026-02-22 20:29:00.668349
U046,U216,0,2025-11-02 20:29:00.668357
U046,U014,0,2026-01-25 20:29:00.668364
U046,U257,1,2025-10-03 20:29:00.668372
U046,U085,0,2026-03-15 20:29:00.668380
U046,U013,0,2025-12-06 20:29:00.668387
U046,U298,0,2025-07-07 20:29:00.668395
U046,U299,0,2025-12-14 20:29:00.668403
U046,U215,0,2025-07-16 20:29:00.668411
U046,U217,0,2026-04-02 20:29:00.668418
U046,U056,0,2025-11-13 20:29:00.668428
U046,U021,1,2026-03-12 20:29:00.668435
U046,U135,0,2025-10-27 20:29:00.668443
U046,U045,0,2025-07-08 20:29:00.668450
U047,U259,0,2025-11-26 20:29:00.668469
U047,U129,0,2025-11-03 20:29:00.668477
U047,U174,0,2026-04-03 20:29:00.668485
U047,U211,0,2026-04-21 20:29:00.668492
U047,U033,0,2026-02-28 20:29:00.668499
U047,U255,0,2025-10-14 20:29:00.668506
U047,U106,0,2025-10-08 20:29:00.668514
U047,U160,0,2026-02-08 20:29:00.668521
U047,U064,0,2025-10-02 20:29:00.668529
U047,U169,0,2025-06-17 20:29:00.668537
U047,U122,1,2026-02-07 20:29:00.668544
U047,U128,0,2026-03-21 20:29:00.668551
U047,U224,0,2025-11-22 20:29:00.668559
U047,U100,1,2025-09-27 20:29:00.668566
U047,U125,0,2026-03-24 20:29:00.668573
U047,U222,0,2026-03-08 20:29:00.668580
U047,U179,0,2025-12-23 20:29:00.668588
U047,U074,0,2025-12-04 20:29:00.668596
U047,U205,0,2025-08-21 20:29:00.668605
U047,U073,1,2025-10-22 20:29:00.668612
U048,U263,0,2025-12-13 20:29:00.668630
U048,U228,0,2025-10-18 20:29:00.668639
U048,U107,0,2026-03-12 20:29:00.668646
U048,U238,1,2026-04-15 20:29:00.668654
U048,U077,0,2026-01-25 20:29:00.668661
U048,U022,0,2026-03-09 20:29:00.668668
U048,U139,0,2025-07-26 20:29:00.668676
U048,U257,0,2025-10-28 20:29:00.668683
U048,U124,0,2026-04-21 20:29:00.668693
U048,U267,1,2025-09-10 20:29:00.668702
U048,U168,0,2025-12-27 20:29:00.668709
U048,U264,0,2025-07-22 20:29:00.668717
U048,U076,0,2025-10-26 20:29:00.668725
U048,U160,0,2026-03-19 20:29:00.668732
U048,U098,0,2025-10-15 20:29:00.668739
U048,U164,0,2025-07-01 20:29:00.668746
U048,U020,0,2025-09-26 20:29:00.668753
U048,U080,0,2026-03-31 20:29:00.668761
U048,U231,0,2025-11-15 20:29:00.668768
U048,U155,0,2025-08-30 20:29:00.668776
U049,U288,0,2025-12-23 20:29:00.668795
U049,U217,0,2025-12-19 20:29:00.668802
U049,U259,1,2026-03-19 20:29:00.668810
U049,U234,0,2026-05-22 20:29:00.668816
U049,U028,0,2025-08-17 20:29:00.668823
U049,U224,0,2025-08-09 20:29:00.668830
U049,U204,0,2026-05-18 20:29:00.668837
U049,U096,0,2025-09-15 20:29:00.668844
U049,U074,0,2025-07-14 20:29:00.668851
U049,U090,0,2025-10-17 20:29:00.668858
U049,U126,1,2026-05-02 20:29:00.668865
U049,U037,0,2025-07-27 20:29:00.668872
U049,U192,0,2025-10-11 20:29:00.668889
U049,U251,1,2025-12-21 20:29:00.668898
U049,U178,0,2026-05-12 20:29:00.668905
U049,U228,0,2026-03-16 20:29:00.668913
U049,U206,1,2025-11-30 20:29:00.668922
U049,U271,1,2025-07-05 20:29:00.668929
U049,U116,0,2026-02-16 20:29:00.668937
U049,U284,0,2026-03-08 20:29:00.668943
U050,U112,0,2025-10-13 20:29:00.668975
U050,U079,0,2025-08-22 20:29:00.668983
U050,U085,0,2025-06-18 20:29:00.668991
U050,U162,1,2025-12-07 20:29:00.668999
U050,U261,0,2026-05-23 20:29:00.669005
U050,U224,0,2025-12-16 20:29:00.669012
U050,U132,0,2025-10-31 20:29:00.669020
U050,U153,0,2026-04-23 20:29:00.669027
U050,U074,0,2026-03-26 20:29:00.669035
U050,U159,0,2026-04-17 20:29:00.669177
U050,U291,0,2025-12-25 20:29:00.669187
U050,U251,1,2026-02-03 20:29:00.669195
U050,U013,0,2025-08-24 20:29:00.669203
U050,U158,0,2026-04-03 20:29:00.669211
U050,U163,0,2025-12-29 20:29:00.669218
U050,U124,0,2025-12-12 20:29:00.669225
U050,U168,0,2025-07-05 20:29:00.669232
U050,U240,0,2025-08-02 20:29:00.669240
U050,U279,0,2025-06-19 20:29:00.669247
U050,U026,0,2025-10-07 20:29:00.669254
U051,U194,0,2026-01-11 20:29:00.669274
U051,U272,0,2025-12-12 20:29:00.669281
U051,U168,0,2026-06-01 20:29:00.669289
U051,U166,0,2025-06-26 20:29:00.669296
U051,U040,0,2025-10-22 20:29:00.669303
U051,U224,1,2025-08-28 20:29:00.669311
U051,U098,1,2026-01-24 20:29:00.669318
U051,U135,1,2026-02-12 20:29:00.669325
U051,U278,0,2026-04-28 20:29:00.669332
U051,U257,1,2025-09-11 20:29:00.669339
U051,U137,0,2025-11-06 20:29:00.669347
U051,U234,0,2026-02-19 20:29:00.669356
U051,U190,1,2025-10-28 20:29:00.669366
U051,U056,0,2026-01-20 20:29:00.669374
U051,U041,0,2026-04-20 20:29:00.669380
U051,U300,0,2026-04-30 20:29:00.669387
U051,U085,0,2025-06-06 20:29:00.669396
U051,U124,0,2026-04-03 20:29:00.669404
U051,U148,0,2025-06-14 20:29:00.669411
U051,U054,1,2026-01-31 20:29:00.669418
U052,U189,0,2025-12-13 20:29:00.669435
U052,U171,0,2025-07-24 20:29:00.669442
U052,U266,0,2026-04-22 20:29:00.669450
U052,U231,0,2025-10-14 20:29:00.669458
U052,U240,1,2025-11-22 20:29:00.669465
U052,U227,0,2026-04-17 20:29:00.669476
U052,U020,1,2025-11-11 20:29:00.669484
U052,U192,0,2025-11-11 20:29:00.669491
U052,U141,0,2025-08-23 20:29:00.669499
U052,U007,1,2025-06-10 20:29:00.669508
U052,U172,0,2026-01-28 20:29:00.669517
U052,U218,0,2026-02-04 20:29:00.669525
U052,U086,0,2026-03-18 20:29:00.669532
U052,U258,0,2025-07-13 20:29:00.669539
U052,U123,1,2026-02-09 20:29:00.669547
U052,U016,0,2025-10-24 20:29:00.669554
U052,U061,1,2025-12-14 20:29:00.669560
U052,U116,0,2026-01-17 20:29:00.669568
U052,U274,0,2025-09-12 20:29:00.669574
U052,U058,1,2025-10-20 20:29:00.669581
U053,U213,1,2026-03-10 20:29:00.669600
U053,U007,0,2026-04-24 20:29:00.669609
U053,U290,0,2026-04-30 20:29:00.669617
U053,U066,0,2026-06-05 20:29:00.669627
U053,U156,1,2026-01-06 20:29:00.669635
U053,U289,0,2026-05-09 20:29:00.669643
U053,U228,1,2026-02-15 20:29:00.669650
U053,U101,0,2026-02-23 20:29:00.669658
U053,U135,0,2025-10-26 20:29:00.669665
U053,U107,0,2026-01-05 20:29:00.669672
U053,U171,0,2025-09-21 20:29:00.669679
U053,U148,1,2025-10-28 20:29:00.669686
U053,U044,0,2025-09-04 20:29:00.669693
U053,U235,0,2025-10-16 20:29:00.669701
U053,U269,0,2025-06-30 20:29:00.669709
U053,U025,0,2026-01-08 20:29:00.669717
U053,U172,0,2025-11-18 20:29:00.669724
U053,U248,0,2026-01-27 20:29:00.669732
U053,U001,0,2026-02-21 20:29:00.669738
U053,U215,0,2025-10-28 20:29:00.669746
U054,U026,0,2026-05-08 20:29:00.669763
U054,U025,1,2026-02-16 20:29:00.669772
U054,U004,0,2025-12-27 20:29:00.669780
U054,U100,0,2025-10-08 20:29:00.669787
U054,U251,0,2026-04-23 20:29:00.669795
U054,U073,0,2026-05-13 20:29:00.669803
U054,U134,0,2026-04-14 20:29:00.669810
U054,U156,0,2026-02-01 20:29:00.669817
U054,U211,0,2025-06-30 20:29:00.669824
U054,U212,0,2025-09-01 20:29:00.669832
U054,U003,0,2026-02-27 20:29:00.669839
U054,U294,0,2026-02-10 20:29:00.669847
U054,U099,0,2025-07-29 20:29:00.669857
U054,U038,0,2026-05-13 20:29:00.669864
U054,U247,0,2025-08-21 20:29:00.669873
U054,U118,1,2025-08-09 20:29:00.669883
U054,U153,0,2025-10-12 20:29:00.669890
U054,U188,0,2025-10-08 20:29:00.669897
U054,U089,0,2025-07-27 20:29:00.669905
U054,U095,1,2025-10-03 20:29:00.669912
U055,U212,0,2026-01-25 20:29:00.669930
U055,U010,0,2025-07-29 20:29:00.669938
U055,U149,1,2025-08-09 20:29:00.669946
U055,U268,0,2026-01-31 20:29:00.669954
U055,U184,0,2026-02-14 20:29:00.669961
U055,U046,0,2025-10-30 20:29:00.669969
U055,U246,1,2026-05-11 20:29:00.669976
U055,U249,0,2025-12-02 20:29:00.669984
U055,U232,1,2025-12-06 20:29:00.669991
U055,U085,1,2025-10-22 20:29:00.669999
U055,U110,0,2025-12-21 20:29:00.670007
U055,U018,0,2025-09-24 20:29:00.670014
U055,U030,0,2025-06-17 20:29:00.670021
U055,U037,0,2025-11-30 20:29:00.670029
U055,U139,0,2025-12-29 20:29:00.670036
U055,U294,0,2025-11-04 20:29:00.670044
U055,U090,0,2026-02-16 20:29:00.670051
U055,U146,0,2025-10-04 20:29:00.670058
U055,U104,0,2025-11-05 20:29:00.670066
U055,U057,1,2026-01-15 20:29:00.670074
U056,U039,1,2025-07-25 20:29:00.670092
U056,U184,0,2025-11-20 20:29:00.670100
U056,U195,0,2026-01-30 20:29:00.670108
U056,U009,0,2026-06-03 20:29:00.670115
U056,U287,1,2025-08-27 20:29:00.670125
U056,U225,0,2025-09-09 20:29:00.670133
U056,U207,1,2026-03-29 20:29:00.670140
U056,U015,0,2025-11-18 20:29:00.670152
U056,U136,1,2026-02-01 20:29:00.670160
U056,U081,0,2025-12-16 20:29:00.670167
U056,U260,0,2026-04-11 20:29:00.670174
U056,U036,0,2025-08-06 20:29:00.670181
U056,U066,0,2025-07-21 20:29:00.670188
U056,U123,0,2025-12-17 20:29:00.670196
U056,U093,1,2025-11-06 20:29:00.670203
U056,U239,0,2026-04-26 20:29:00.670211
U056,U236,0,2025-10-12 20:29:00.670218
U056,U222,1,2025-12-26 20:29:00.670225
U056,U200,1,2025-12-27 20:29:00.670233
U056,U209,1,2026-05-12 20:29:00.670239
U057,U142,0,2025-07-19 20:29:00.670257
U057,U055,0,2025-09-04 20:29:00.670266
U057,U074,1,2025-08-22 20:29:00.670275
U057,U234,0,2026-05-19 20:29:00.670282
U057,U249,0,2026-05-29 20:29:00.670289
U057,U102,0,2025-10-31 20:29:00.670296
U057,U145,0,2026-01-03 20:29:00.670304
U057,U179,0,2025-07-20 20:29:00.670312
U057,U268,0,2026-05-09 20:29:00.670319
U057,U264,0,2026-02-10 20:29:00.670326
U057,U208,0,2025-10-07 20:29:00.670334
U057,U211,1,2026-03-06 20:29:00.670341
U057,U225,0,2026-05-17 20:29:00.670348
U057,U026,0,2025-11-06 20:29:00.670355
U057,U243,0,2026-06-04 20:29:00.670363
U057,U289,1,2025-07-29 20:29:00.670370
U057,U206,0,2025-06-28 20:29:00.670377
U057,U157,0,2025-07-22 20:29:00.670385
U057,U134,1,2025-10-31 20:29:00.670396
U057,U193,1,2026-02-22 20:29:00.670404
U058,U250,0,2026-05-20 20:29:00.670423
U058,U150,0,2026-01-25 20:29:00.670431
U058,U023,1,2026-05-17 20:29:00.670439
U058,U188,1,2025-10-11 20:29:00.670446
U058,U300,1,2026-05-06 20:29:00.670454
U058,U251,0,2025-12-09 20:29:00.670462
U058,U064,1,2026-03-15 20:29:00.670469
U058,U106,1,2025-09-20 20:29:00.670477
U058,U013,0,2025-12-08 20:29:00.670484
U058,U276,0,2025-08-04 20:29:00.670491
U058,U247,0,2026-03-12 20:29:00.670499
U058,U036,0,2025-10-26 20:29:00.670506
U058,U110,0,2025-08-20 20:29:00.670512
U058,U042,0,2026-02-23 20:29:00.670520
U058,U194,0,2025-06-27 20:29:00.670527
U058,U111,0,2026-01-28 20:29:00.670534
U058,U137,1,2025-06-15 20:29:00.670541
U058,U159,1,2026-01-22 20:29:00.670548
U058,U005,0,2025-09-07 20:29:00.670555
U058,U299,0,2025-11-11 20:29:00.670562
U059,U270,1,2026-05-31 20:29:00.670580
U059,U114,1,2025-08-21 20:29:00.670588
U059,U273,1,2025-10-23 20:29:00.670596
U059,U256,0,2025-08-03 20:29:00.670603
U059,U106,0,2025-06-14 20:29:00.670611
U059,U154,0,2026-01-27 20:29:00.670619
U059,U026,0,2026-02-09 20:29:00.670626
U059,U081,1,2025-07-26 20:29:00.670633
U059,U257,0,2025-09-11 20:29:00.670641
U059,U080,1,2026-01-31 20:29:00.670648
U059,U179,1,2025-10-13 20:29:00.670658
U059,U289,0,2025-06-07 20:29:00.670666
U059,U298,0,2025-06-11 20:29:00.670673
U059,U290,0,2026-02-02 20:29:00.670681
U059,U121,0,2026-04-20 20:29:00.670689
U059,U225,1,2026-02-03 20:29:00.670695
U059,U022,0,2026-05-06 20:29:00.670702
U059,U214,1,2025-09-18 20:29:00.670710
U059,U202,1,2026-06-04 20:29:00.670717
U059,U287,0,2025-10-23 20:29:00.670724
U060,U139,1,2026-01-19 20:29:00.670743
U060,U023,1,2025-10-06 20:29:00.670751
U060,U008,0,2026-04-15 20:29:00.670759
U060,U133,1,2025-07-30 20:29:00.670766
U060,U003,0,2025-10-16 20:29:00.670774
U060,U050,1,2025-09-18 20:29:00.670781
U060,U197,0,2025-12-09 20:29:00.670788
U060,U290,0,2025-09-20 20:29:00.670796
U060,U129,1,2026-05-17 20:29:00.670803
U060,U079,0,2026-04-11 20:29:00.670810
U060,U089,0,2025-07-04 20:29:00.670817
U060,U151,1,2026-03-19 20:29:00.670825
U060,U179,1,2025-06-19 20:29:00.670834
U060,U150,0,2026-05-08 20:29:00.670841
U060,U032,0,2025-12-09 20:29:00.670849
U060,U276,0,2026-02-15 20:29:00.670857
U060,U183,1,2025-12-02 20:29:00.670865
U060,U242,0,2025-10-06 20:29:00.670872
U060,U069,0,2026-03-08 20:29:00.670879
U060,U207,0,2026-03-30 20:29:00.670896
U061,U226,1,2025-07-18 20:29:00.670915
U061,U201,1,2025-11-02 20:29:00.670924
U061,U040,0,2026-01-12 20:29:00.670935
U061,U173,0,2026-03-26 20:29:00.670942
U061,U134,0,2026-05-16 20:29:00.670950
U061,U138,1,2026-06-01 20:29:00.670957
U061,U077,0,2026-02-10 20:29:00.670964
U061,U053,1,2025-10-23 20:29:00.670971
U061,U015,0,2026-01-14 20:29:00.670978
U061,U239,1,2026-05-09 20:29:00.670986
U061,U046,0,2026-03-04 20:29:00.670993
U061,U197,1,2025-12-06 20:29:00.671000
U061,U297,1,2026-01-12 20:29:00.671007
U061,U054,0,2025-10-27 20:29:00.671014
U061,U213,0,2025-08-08 20:29:00.671021
U061,U095,0,2026-05-15 20:29:00.671028
U061,U041,1,2025-11-12 20:29:00.671035
U061,U107,0,2025-07-23 20:29:00.671041
U061,U276,1,2026-05-29 20:29:00.671048
U061,U144,1,2025-07-22 20:29:00.671055
U062,U295,0,2025-11-08 20:29:00.671073
U062,U030,1,2025-11-13 20:29:00.671081
U062,U086,0,2026-01-25 20:29:00.671089
U062,U289,0,2025-07-10 20:29:00.671097
U062,U164,1,2026-05-11 20:29:00.671104
U062,U285,0,2025-08-15 20:29:00.671111
U062,U207,0,2025-11-17 20:29:00.671119
U062,U246,0,2025-07-01 20:29:00.671126
U062,U200,1,2025-07-12 20:29:00.671133
U062,U153,0,2026-02-08 20:29:00.671140
U062,U213,0,2026-01-29 20:29:00.671147
U062,U107,0,2025-09-03 20:29:00.671154
U062,U105,1,2025-06-23 20:29:00.671161
U062,U214,1,2025-12-12 20:29:00.671168
U062,U099,0,2026-03-14 20:29:00.671178
U062,U022,0,2026-02-02 20:29:00.671185
U062,U069,0,2025-12-04 20:29:00.671192
U062,U120,0,2026-04-14 20:29:00.671200
U062,U215,0,2026-04-15 20:29:00.671208
U062,U070,0,2025-11-04 20:29:00.671215
U063,U204,0,2025-10-23 20:29:00.671233
U063,U101,1,2025-07-08 20:29:00.671241
U063,U070,0,2026-06-01 20:29:00.671249
U063,U100,0,2025-08-07 20:29:00.671256
U063,U088,1,2025-12-17 20:29:00.671263
U063,U167,0,2025-12-06 20:29:00.671270
U063,U182,0,2025-12-20 20:29:00.671277
U063,U176,0,2026-02-07 20:29:00.671284
U063,U010,0,2026-01-25 20:29:00.671300
U063,U232,0,2026-05-23 20:29:00.671308
U063,U250,0,2026-05-25 20:29:00.671315
U063,U114,0,2025-07-17 20:29:00.671323
U063,U091,0,2026-01-06 20:29:00.671331
U063,U001,0,2026-05-15 20:29:00.671338
U063,U207,1,2025-08-23 20:29:00.671345
U063,U086,0,2025-12-25 20:29:00.671353
U063,U137,1,2025-11-28 20:29:00.671361
U063,U242,0,2025-08-26 20:29:00.671368
U063,U049,0,2025-07-22 20:29:00.671375
U064,U192,1,2026-03-06 20:29:00.671393
U064,U226,0,2026-05-03 20:29:00.671401
U064,U265,0,2026-03-12 20:29:00.671409
U064,U125,0,2025-06-20 20:29:00.671416
U064,U002,0,2026-02-24 20:29:00.671424
U064,U205,0,2026-02-07 20:29:00.671431
U064,U087,1,2025-11-30 20:29:00.671443
U064,U068,1,2026-01-22 20:29:00.671451
U064,U130,1,2026-01-27 20:29:00.671459
U064,U291,0,2025-08-13 20:29:00.671466
U064,U001,1,2025-10-08 20:29:00.671473
U064,U011,0,2026-05-19 20:29:00.671480
U064,U013,0,2025-06-18 20:29:00.671487
U064,U189,0,2026-01-11 20:29:00.671495
U064,U274,0,2025-12-12 20:29:00.671502
U064,U157,0,2025-08-04 20:29:00.671509
U064,U063,1,2026-02-08 20:29:00.671517
U064,U238,0,2025-10-23 20:29:00.671524
U064,U161,0,2025-11-22 20:29:00.671533
U064,U292,0,2025-10-29 20:29:00.671541
U065,U273,0,2025-06-11 20:29:00.671559
U065,U186,0,2025-10-20 20:29:00.671567
U065,U010,0,2026-04-08 20:29:00.671575
U065,U197,0,2026-04-24 20:29:00.671582
U065,U295,0,2025-12-09 20:29:00.671589
U065,U174,0,2026-01-04 20:29:00.671596
U065,U155,0,2026-03-08 20:29:00.671603
U065,U279,1,2025-12-25 20:29:00.671611
U065,U166,1,2026-01-06 20:29:00.671618
U065,U150,1,2026-04-01 20:29:00.671625
U065,U227,0,2026-05-11 20:29:00.671632
U065,U283,0,2026-01-22 20:29:00.671639
U065,U250,1,2026-01-13 20:29:00.671646
U065,U030,0,2025-11-03 20:29:00.671653
U065,U204,0,2025-11-06 20:29:00.671660
U065,U148,0,2026-03-16 20:29:00.671667
U065,U235,0,2026-04-10 20:29:00.671674
U065,U179,0,2025-07-22 20:29:00.671681
U065,U192,0,2026-01-15 20:29:00.671690
U065,U101,1,2025-11-05 20:29:00.671697
U066,U246,0,2025-09-04 20:29:00.671716
U066,U192,0,2026-01-09 20:29:00.671724
U066,U236,0,2025-11-25 20:29:00.671732
U066,U269,0,2025-12-23 20:29:00.671740
U066,U228,0,2026-03-10 20:29:00.671747
U066,U032,0,2025-10-31 20:29:00.671755
U066,U038,1,2026-03-31 20:29:00.671762
U066,U278,0,2025-10-05 20:29:00.671769
U066,U039,0,2025-10-12 20:29:00.671776
U066,U257,0,2026-02-16 20:29:00.671784
U066,U248,0,2025-12-13 20:29:00.671791
U066,U109,0,2026-04-20 20:29:00.671798
U066,U128,0,2026-02-26 20:29:00.671805
U066,U275,0,2026-01-15 20:29:00.671812
U066,U270,0,2025-10-05 20:29:00.671819
U066,U288,0,2025-11-15 20:29:00.671826
U066,U281,0,2025-07-16 20:29:00.671832
U066,U026,1,2025-07-04 20:29:00.671839
U066,U283,1,2026-03-16 20:29:00.671847
U066,U017,1,2025-12-30 20:29:00.671854
U067,U089,0,2025-06-19 20:29:00.671871
U067,U159,0,2026-01-04 20:29:00.671880
U067,U063,0,2026-02-18 20:29:00.671888
U067,U045,0,2026-05-08 20:29:00.671896
U067,U136,1,2026-05-08 20:29:00.671904
U067,U209,0,2025-10-11 20:29:00.671911
U067,U090,1,2025-08-07 20:29:00.671918
U067,U219,0,2026-03-01 20:29:00.671926
U067,U139,0,2025-06-19 20:29:00.671933
U067,U215,0,2026-02-15 20:29:00.671943
U067,U106,1,2025-10-04 20:29:00.671952
U067,U249,1,2025-10-19 20:29:00.671960
U067,U262,0,2025-11-19 20:29:00.671967
U067,U113,0,2025-10-06 20:29:00.671974
U067,U123,0,2025-06-28 20:29:00.671982
U067,U281,0,2025-11-16 20:29:00.671989
U067,U033,0,2025-07-17 20:29:00.671996
U067,U186,0,2026-04-27 20:29:00.672004
U067,U272,1,2025-09-15 20:29:00.672011
U067,U120,0,2025-08-30 20:29:00.672019
U068,U077,0,2025-07-30 20:29:00.672037
U068,U120,1,2025-12-05 20:29:00.672047
U068,U136,1,2025-12-25 20:29:00.672055
U068,U177,0,2025-08-22 20:29:00.672063
U068,U064,0,2026-03-22 20:29:00.672071
U068,U023,0,2025-10-21 20:29:00.672079
U068,U175,0,2025-06-25 20:29:00.672087
U068,U213,0,2026-05-20 20:29:00.672095
U068,U193,0,2026-04-07 20:29:00.672102
U068,U195,0,2026-03-04 20:29:00.672109
U068,U071,0,2026-02-14 20:29:00.672117
U068,U135,1,2026-02-25 20:29:00.672125
U068,U010,0,2026-01-05 20:29:00.672132
U068,U264,0,2025-10-30 20:29:00.672140
U068,U180,1,2025-12-30 20:29:00.672147
U068,U088,0,2025-12-19 20:29:00.672154
U068,U126,0,2025-09-11 20:29:00.672161
U068,U020,1,2025-11-09 20:29:00.672170
U068,U260,0,2026-03-06 20:29:00.672177
U068,U102,0,2026-06-01 20:29:00.672184
U069,U050,0,2026-04-23 20:29:00.672202
U069,U031,0,2025-12-23 20:29:00.672209
U069,U243,0,2026-01-18 20:29:00.672219
U069,U183,0,2026-01-21 20:29:00.672227
U069,U240,1,2026-03-06 20:29:00.672235
U069,U221,0,2025-09-18 20:29:00.672242
U069,U128,1,2025-10-30 20:29:00.672249
U069,U161,1,2025-09-22 20:29:00.672259
U069,U021,0,2025-12-10 20:29:00.672268
U069,U047,1,2026-02-16 20:29:00.672276
U069,U055,1,2025-09-11 20:29:00.672284
U069,U124,0,2026-05-30 20:29:00.672292
U069,U035,0,2025-07-06 20:29:00.672299
U069,U241,0,2025-06-19 20:29:00.672307
U069,U186,0,2026-01-03 20:29:00.672314
U069,U252,0,2025-09-29 20:29:00.672321
U069,U018,0,2026-01-28 20:29:00.672329
U069,U024,0,2026-02-06 20:29:00.672336
U069,U233,0,2025-06-19 20:29:00.672343
U069,U180,0,2026-05-11 20:29:00.672350
U070,U094,0,2026-05-20 20:29:00.672369
U070,U150,1,2025-08-12 20:29:00.672377
U070,U088,0,2025-12-15 20:29:00.672385
U070,U072,0,2026-04-17 20:29:00.672392
U070,U042,1,2026-04-27 20:29:00.672399
U070,U186,0,2025-09-25 20:29:00.672407
U070,U101,0,2025-08-29 20:29:00.672414
U070,U040,0,2026-05-25 20:29:00.672421
U070,U091,0,2026-04-23 20:29:00.672430
U070,U102,0,2025-06-30 20:29:00.672438
U070,U201,0,2026-02-24 20:29:00.672445
U070,U216,0,2025-12-10 20:29:00.672452
U070,U041,1,2026-05-22 20:29:00.672459
U070,U179,1,2026-05-31 20:29:00.672469
U070,U204,0,2026-02-24 20:29:00.672476
U070,U205,0,2025-07-04 20:29:00.672483
U070,U119,0,2026-02-07 20:29:00.672494
U070,U034,0,2025-11-06 20:29:00.672501
U070,U229,1,2026-01-03 20:29:00.672510
U070,U291,0,2026-04-26 20:29:00.672517
U071,U189,0,2025-09-13 20:29:00.672535
U071,U038,0,2026-02-14 20:29:00.672544
U071,U197,0,2026-03-11 20:29:00.672552
U071,U156,0,2025-06-23 20:29:00.672560
U071,U276,0,2025-07-19 20:29:00.672568
U071,U151,1,2026-03-31 20:29:00.672577
U071,U021,0,2025-07-02 20:29:00.672585
U071,U223,1,2026-04-21 20:29:00.672593
U071,U214,0,2025-07-10 20:29:00.672601
U071,U238,0,2025-07-16 20:29:00.672618
U071,U162,0,2025-10-15 20:29:00.672626
U071,U141,1,2026-05-13 20:29:00.672634
U071,U035,0,2026-03-05 20:29:00.672641
U071,U029,0,2025-06-14 20:29:00.672648
U071,U036,0,2026-04-05 20:29:00.672656
U071,U294,0,2025-08-21 20:29:00.672664
U071,U099,0,2025-11-02 20:29:00.672672
U071,U155,0,2026-02-25 20:29:00.672679
U071,U251,0,2025-06-15 20:29:00.672687
U071,U262,1,2025-09-06 20:29:00.672694
U072,U222,1,2025-11-04 20:29:00.672712
U072,U279,0,2026-04-18 20:29:00.672721
U072,U148,0,2025-07-10 20:29:00.672728
U072,U239,0,2026-01-28 20:29:00.672736
U072,U045,0,2025-11-29 20:29:00.672744
U072,U179,1,2026-03-08 20:29:00.672753
U072,U097,0,2026-03-15 20:29:00.672761
U072,U285,0,2025-08-07 20:29:00.672769
U072,U171,0,2026-04-20 20:29:00.672777
U072,U292,0,2026-05-25 20:29:00.672785
U072,U061,0,2026-04-10 20:29:00.672792
U072,U225,0,2025-07-03 20:29:00.672799
U072,U050,1,2025-10-23 20:29:00.672806
U072,U253,0,2025-11-27 20:29:00.672813
U072,U014,1,2025-12-26 20:29:00.672821
U072,U201,0,2025-11-25 20:29:00.672828
U072,U054,0,2026-05-07 20:29:00.672835
U072,U011,0,2025-12-01 20:29:00.672843
U072,U079,0,2025-07-01 20:29:00.672850
U072,U175,1,2026-05-23 20:29:00.672857
U073,U066,0,2025-06-19 20:29:00.672875
U073,U166,0,2026-04-28 20:29:00.672884
U073,U202,1,2026-01-17 20:29:00.672899
U073,U246,1,2026-02-10 20:29:00.672908
U073,U234,1,2025-12-30 20:29:00.672915
U073,U072,1,2025-10-31 20:29:00.672922
U073,U094,0,2025-12-26 20:29:00.672930
U073,U009,0,2026-05-27 20:29:00.672937
U073,U293,0,2025-09-18 20:29:00.672945
U073,U262,0,2025-08-18 20:29:00.672953
U073,U005,1,2025-10-15 20:29:00.672963
U073,U116,1,2026-05-10 20:29:00.672970
U073,U051,0,2026-03-18 20:29:00.672978
U073,U217,1,2025-09-06 20:29:00.672985
U073,U164,1,2025-12-22 20:29:00.672993
U073,U101,1,2025-07-26 20:29:00.673002
U073,U205,0,2025-10-10 20:29:00.673010
U073,U154,0,2026-03-28 20:29:00.673019
U073,U021,0,2025-10-19 20:29:00.673026
U073,U160,0,2025-10-17 20:29:00.673034
U074,U048,0,2026-02-23 20:29:00.673054
U074,U202,1,2026-04-26 20:29:00.673063
U074,U117,1,2025-09-10 20:29:00.673071
U074,U207,0,2025-07-31 20:29:00.673079
U074,U154,0,2026-02-15 20:29:00.673087
U074,U017,1,2025-07-20 20:29:00.673094
U074,U129,1,2025-12-12 20:29:00.673102
U074,U070,0,2026-05-13 20:29:00.673110
U074,U276,1,2025-07-25 20:29:00.673118
U074,U192,0,2026-01-06 20:29:00.673125
U074,U097,0,2026-03-15 20:29:00.673133
U074,U018,0,2025-06-15 20:29:00.673140
U074,U223,1,2025-11-30 20:29:00.673148
U074,U215,0,2026-01-21 20:29:00.673156
U074,U095,1,2026-03-18 20:29:00.673164
U074,U102,0,2025-11-17 20:29:00.673171
U074,U265,0,2025-12-22 20:29:00.673178
U074,U109,0,2025-12-10 20:29:00.673185
U074,U083,1,2025-11-19 20:29:00.673192
U074,U164,0,2026-04-18 20:29:00.673199
U075,U062,1,2025-07-02 20:29:00.673217
U075,U016,0,2026-01-14 20:29:00.673225
U075,U183,0,2025-09-17 20:29:00.673233
U075,U265,0,2025-10-03 20:29:00.673240
U075,U136,1,2025-06-23 20:29:00.673248
U075,U129,0,2025-07-13 20:29:00.673256
U075,U281,0,2025-10-25 20:29:00.673263
U075,U245,1,2026-05-20 20:29:00.673270
U075,U202,0,2025-08-15 20:29:00.673277
U075,U227,0,2025-12-23 20:29:00.673287
U075,U159,0,2026-04-08 20:29:00.673294
U075,U147,0,2026-02-11 20:29:00.673301
U075,U081,0,2025-08-09 20:29:00.673309
U075,U102,1,2026-04-30 20:29:00.673317
U075,U150,1,2026-03-15 20:29:00.673324
U075,U237,0,2026-03-09 20:29:00.673331
U075,U252,0,2025-09-24 20:29:00.673339
U075,U090,1,2026-04-27 20:29:00.673346
U075,U158,1,2025-12-02 20:29:00.673354
U075,U137,0,2025-09-21 20:29:00.673361
U076,U191,0,2026-03-01 20:29:00.673381
U076,U057,0,2025-10-19 20:29:00.673392
U076,U274,0,2025-11-28 20:29:00.673404
U076,U295,0,2025-08-11 20:29:00.673415
U076,U087,0,2025-08-06 20:29:00.673425
U076,U228,1,2026-04-27 20:29:00.673435
U076,U101,1,2026-01-11 20:29:00.673445
U076,U079,0,2026-06-04 20:29:00.673458
U076,U089,0,2026-04-05 20:29:00.673470
U076,U209,0,2025-10-31 20:29:00.673479
U076,U231,0,2026-05-15 20:29:00.673491
U076,U082,0,2025-11-13 20:29:00.673503
U076,U103,0,2025-09-01 20:29:00.673514
U076,U260,0,2025-12-03 20:29:00.673526
U076,U119,0,2026-03-24 20:29:00.673536
U076,U285,0,2026-05-08 20:29:00.673546
U076,U250,0,2025-07-06 20:29:00.673557
U076,U042,0,2025-09-30 20:29:00.673567
U076,U125,1,2025-11-24 20:29:00.673578
U076,U031,0,2025-08-02 20:29:00.673589
U077,U202,0,2026-03-18 20:29:00.673622
U077,U039,1,2025-09-30 20:29:00.673635
U077,U012,0,2026-02-19 20:29:00.673647
U077,U016,0,2025-06-17 20:29:00.673656
U077,U184,0,2025-07-09 20:29:00.673666
U077,U183,1,2025-12-21 20:29:00.673675
U077,U062,0,2025-10-07 20:29:00.673682
U077,U195,1,2025-06-30 20:29:00.673690
U077,U023,0,2025-07-14 20:29:00.673698
U077,U046,0,2025-10-03 20:29:00.673707
U077,U138,1,2025-12-04 20:29:00.673715
U077,U173,0,2025-11-04 20:29:00.673722
U077,U110,0,2025-12-04 20:29:00.673730
U077,U266,0,2025-07-19 20:29:00.673738
U077,U104,0,2026-03-16 20:29:00.673748
U077,U043,0,2025-12-13 20:29:00.673756
U077,U198,1,2025-11-29 20:29:00.673764
U077,U154,0,2025-10-10 20:29:00.673772
U077,U208,0,2025-06-18 20:29:00.673780
U077,U160,0,2025-06-12 20:29:00.673788
U078,U022,0,2026-01-17 20:29:00.673807
U078,U059,0,2026-02-21 20:29:00.673816
U078,U112,0,2026-04-23 20:29:00.673823
U078,U012,0,2026-01-06 20:29:00.673831
U078,U213,0,2026-03-19 20:29:00.673838
U078,U103,0,2026-02-01 20:29:00.673845
U078,U215,1,2026-05-30 20:29:00.673852
U078,U083,0,2025-08-15 20:29:00.673859
U078,U283,0,2025-11-08 20:29:00.673866
U078,U016,0,2026-01-10 20:29:00.673873
U078,U031,0,2025-06-18 20:29:00.673880
U078,U003,0,2026-03-12 20:29:00.673887
U078,U082,0,2025-06-30 20:29:00.673897
U078,U210,0,2025-07-20 20:29:00.673904
U078,U192,1,2026-04-17 20:29:00.673911
U078,U092,0,2025-07-03 20:29:00.673919
U078,U120,1,2025-12-06 20:29:00.673926
U078,U179,0,2025-12-03 20:29:00.673934
U078,U231,0,2025-09-19 20:29:00.673941
U078,U247,0,2025-06-09 20:29:00.673949
U079,U260,0,2026-03-26 20:29:00.673967
U079,U060,1,2026-04-06 20:29:00.673976
U079,U214,0,2026-01-21 20:29:00.673984
U079,U207,1,2025-07-23 20:29:00.673993
U079,U178,1,2026-03-25 20:29:00.674001
U079,U112,0,2025-12-09 20:29:00.674008
U079,U049,0,2025-12-07 20:29:00.674016
U079,U101,1,2025-06-16 20:29:00.674024
U079,U027,0,2025-08-08 20:29:00.674031
U079,U052,0,2025-06-30 20:29:00.674039
U079,U277,1,2025-12-15 20:29:00.674047
U079,U176,1,2026-04-11 20:29:00.674054
U079,U089,0,2026-02-20 20:29:00.674061
U079,U066,0,2026-03-10 20:29:00.674069
U079,U006,1,2026-03-17 20:29:00.674077
U079,U182,1,2026-01-27 20:29:00.674084
U079,U267,1,2025-12-02 20:29:00.674091
U079,U249,0,2025-09-07 20:29:00.674099
U079,U198,1,2025-09-01 20:29:00.674106
U079,U022,1,2026-05-30 20:29:00.674113
U080,U159,1,2026-04-16 20:29:00.674132
U080,U237,0,2025-08-21 20:29:00.674140
U080,U243,0,2025-08-11 20:29:00.674149
U080,U039,0,2026-04-05 20:29:00.674157
U080,U240,1,2025-08-16 20:29:00.674166
U080,U219,0,2025-09-30 20:29:00.674173
U080,U071,0,2025-10-31 20:29:00.674183
U080,U027,1,2026-05-01 20:29:00.674190
U080,U101,0,2025-07-02 20:29:00.674197
U080,U250,0,2026-01-25 20:29:00.674208
U080,U086,0,2026-05-02 20:29:00.674216
U080,U235,1,2026-03-03 20:29:00.674223
U080,U034,0,2025-09-19 20:29:00.674231
U080,U083,0,2025-08-26 20:29:00.674238
U080,U032,0,2026-05-20 20:29:00.674246
U080,U186,0,2026-01-29 20:29:00.674253
U080,U076,0,2025-06-12 20:29:00.674260
U080,U249,0,2025-11-24 20:29:00.674268
U080,U017,1,2025-12-13 20:29:00.674275
U080,U092,0,2025-10-23 20:29:00.674282
U081,U194,1,2026-02-05 20:29:00.674300
U081,U288,0,2025-08-13 20:29:00.674309
U081,U158,0,2025-07-24 20:29:00.674317
U081,U208,1,2025-07-09 20:29:00.674325
U081,U103,0,2025-06-18 20:29:00.674333
U081,U278,0,2025-08-28 20:29:00.674340
U081,U015,0,2025-08-14 20:29:00.674347
U081,U003,0,2026-02-23 20:29:00.674355
U081,U155,0,2025-11-11 20:29:00.674362
U081,U018,0,2025-11-09 20:29:00.674370
U081,U022,0,2025-08-17 20:29:00.674376
U081,U133,1,2025-07-20 20:29:00.674384
U081,U295,0,2025-09-28 20:29:00.674391
U081,U291,1,2025-09-09 20:29:00.674398
U081,U086,0,2026-03-16 20:29:00.674406
U081,U154,0,2025-11-28 20:29:00.674413
U081,U215,0,2025-08-18 20:29:00.674423
U081,U026,0,2026-02-28 20:29:00.674431
U081,U181,0,2026-04-04 20:29:00.674439
U081,U115,1,2026-01-09 20:29:00.674447
U082,U129,0,2026-02-18 20:29:00.674466
U082,U188,0,2025-11-08 20:29:00.674474
U082,U088,0,2025-10-21 20:29:00.674482
U082,U018,0,2026-01-18 20:29:00.674490
U082,U136,1,2025-11-21 20:29:00.674498
U082,U121,1,2026-04-28 20:29:00.674505
U082,U172,1,2026-04-18 20:29:00.674512
U082,U219,0,2026-01-31 20:29:00.674518
U082,U110,0,2025-07-11 20:29:00.674526
U082,U236,1,2025-08-23 20:29:00.674533
U082,U287,0,2026-04-05 20:29:00.674542
U082,U155,0,2025-08-27 20:29:00.674549
U082,U126,1,2025-08-19 20:29:00.674556
U082,U025,0,2026-04-17 20:29:00.674564
U082,U087,0,2026-05-18 20:29:00.674571
U082,U092,1,2025-08-29 20:29:00.674579
U082,U264,1,2026-03-22 20:29:00.674586
U082,U204,0,2026-06-05 20:29:00.674593
U082,U248,0,2025-08-27 20:29:00.674600
U082,U166,0,2025-12-01 20:29:00.674607
U083,U129,0,2025-08-31 20:29:00.674624
U083,U003,1,2025-09-21 20:29:00.674632
U083,U066,1,2025-08-02 20:29:00.674639
U083,U126,1,2026-05-07 20:29:00.674646
U083,U228,0,2026-03-03 20:29:00.674654
U083,U115,0,2025-10-16 20:29:00.674660
U083,U177,0,2025-07-02 20:29:00.674668
U083,U090,0,2026-05-13 20:29:00.674677
U083,U203,0,2026-05-04 20:29:00.674684
U083,U168,0,2026-04-12 20:29:00.674691
U083,U222,0,2025-12-08 20:29:00.674697
U083,U191,0,2025-10-10 20:29:00.674706
U083,U041,0,2025-07-07 20:29:00.674713
U083,U099,0,2025-07-08 20:29:00.674721
U083,U052,0,2025-06-09 20:29:00.674728
U083,U215,0,2026-02-01 20:29:00.674736
U083,U042,0,2026-05-17 20:29:00.674743
U083,U135,1,2026-05-22 20:29:00.674750
U083,U208,1,2026-04-27 20:29:00.674757
U083,U102,1,2026-01-25 20:29:00.674764
U084,U006,0,2026-02-14 20:29:00.674781
U084,U209,1,2025-08-10 20:29:00.674788
U084,U014,0,2026-05-05 20:29:00.674796
U084,U280,0,2026-01-13 20:29:00.674803
U084,U070,0,2025-07-23 20:29:00.674810
U084,U254,0,2025-08-12 20:29:00.674817
U084,U022,0,2026-04-10 20:29:00.674823
U084,U017,0,2025-06-13 20:29:00.674830
U084,U248,1,2026-03-01 20:29:00.674837
U084,U079,0,2025-07-16 20:29:00.674845
U084,U015,1,2026-01-18 20:29:00.674852
U084,U247,0,2025-11-02 20:29:00.674859
U084,U141,0,2025-10-11 20:29:00.674866
U084,U293,0,2025-06-10 20:29:00.674873
U084,U004,0,2026-02-09 20:29:00.674879
U084,U288,1,2026-05-06 20:29:00.674886
U084,U175,0,2025-11-16 20:29:00.674893
U084,U164,1,2025-11-09 20:29:00.674910
U084,U050,0,2025-08-06 20:29:00.674917
U084,U085,0,2026-02-19 20:29:00.674927
U085,U053,0,2025-12-04 20:29:00.674946
U085,U249,0,2025-06-15 20:29:00.674953
U085,U207,0,2026-04-25 20:29:00.674961
U085,U181,0,2026-05-16 20:29:00.674969
U085,U150,1,2025-11-26 20:29:00.674976
U085,U270,1,2025-08-22 20:29:00.674983
U085,U025,0,2025-09-11 20:29:00.674990
U085,U168,0,2025-11-20 20:29:00.674997
U085,U229,0,2025-06-20 20:29:00.675005
U085,U165,1,2025-07-12 20:29:00.675012
U085,U005,0,2025-10-26 20:29:00.675019
U085,U008,0,2025-10-31 20:29:00.675027
U085,U064,0,2025-11-25 20:29:00.675034
U085,U086,0,2026-01-27 20:29:00.675042
U085,U297,1,2026-06-01 20:29:00.675049
U085,U047,0,2025-09-09 20:29:00.675057
U085,U115,0,2026-04-28 20:29:00.675063
U085,U296,0,2025-11-16 20:29:00.675071
U085,U286,0,2025-08-28 20:29:00.675077
U085,U136,0,2025-10-17 20:29:00.675085
U086,U067,0,2025-08-22 20:29:00.675102
U086,U214,0,2025-10-28 20:29:00.675110
U086,U076,0,2025-09-30 20:29:00.675118
U086,U185,0,2025-06-19 20:29:00.675126
U086,U005,0,2025-08-02 20:29:00.675136
U086,U040,0,2026-03-08 20:29:00.675144
U086,U102,0,2025-12-15 20:29:00.675151
U086,U128,0,2025-08-13 20:29:00.675159
U086,U255,0,2025-08-20 20:29:00.675167
U086,U149,0,2025-08-25 20:29:00.675175
U086,U236,1,2026-05-21 20:29:00.675184
U086,U094,1,2025-07-20 20:29:00.675193
U086,U118,0,2025-12-03 20:29:00.675200
U086,U172,1,2025-06-23 20:29:00.675209
U086,U267,0,2026-02-17 20:29:00.675217
U086,U133,0,2025-09-08 20:29:00.675224
U086,U197,1,2026-01-03 20:29:00.675231
U086,U205,0,2025-06-21 20:29:00.675238
U086,U232,0,2025-10-17 20:29:00.675245
U086,U069,0,2025-08-16 20:29:00.675252
U087,U168,1,2026-04-27 20:29:00.675271
U087,U054,1,2025-07-01 20:29:00.675279
U087,U297,0,2026-02-01 20:29:00.675287
U087,U274,1,2025-07-09 20:29:00.675295
U087,U171,0,2025-11-28 20:29:00.675302
U087,U173,1,2025-11-19 20:29:00.675309
U087,U078,0,2025-09-19 20:29:00.675316
U087,U204,0,2025-08-09 20:29:00.675323
U087,U125,0,2025-10-10 20:29:00.675330
U087,U138,0,2026-03-16 20:29:00.675337
U087,U002,0,2025-11-26 20:29:00.675345
U087,U041,0,2026-04-09 20:29:00.675352
U087,U265,1,2025-10-31 20:29:00.675359
U087,U294,1,2026-05-16 20:29:00.675367
U087,U148,1,2026-05-21 20:29:00.675373
U087,U174,0,2026-05-26 20:29:00.675381
U087,U031,0,2025-08-12 20:29:00.675387
U087,U217,0,2026-05-31 20:29:00.675394
U087,U022,0,2025-12-28 20:29:00.675401
U087,U256,0,2025-11-30 20:29:00.675409
U088,U113,0,2026-03-09 20:29:00.675426
U088,U040,1,2026-05-31 20:29:00.675434
U088,U137,0,2025-07-10 20:29:00.675441
U088,U053,0,2026-03-21 20:29:00.675451
U088,U209,0,2025-09-14 20:29:00.675458
U088,U242,0,2026-01-01 20:29:00.675465
U088,U149,1,2026-01-20 20:29:00.675472
U088,U112,0,2025-08-09 20:29:00.675479
U088,U276,0,2025-08-17 20:29:00.675486
U088,U051,0,2025-06-09 20:29:00.675493
U088,U226,1,2025-09-21 20:29:00.675500
U088,U181,0,2025-12-01 20:29:00.675507
U088,U286,0,2025-06-16 20:29:00.675514
U088,U285,0,2025-07-09 20:29:00.675520
U088,U197,0,2025-11-02 20:29:00.675527
U088,U028,0,2026-03-22 20:29:00.675534
U088,U212,1,2025-06-08 20:29:00.675540
U088,U252,0,2025-11-07 20:29:00.675548
U088,U269,0,2025-06-24 20:29:00.675555
U088,U156,1,2026-05-04 20:29:00.675562
U089,U165,1,2026-02-01 20:29:00.675579
U089,U260,0,2025-11-26 20:29:00.675586
U089,U045,0,2025-10-24 20:29:00.675594
U089,U009,0,2025-11-03 20:29:00.675602
U089,U169,0,2025-12-18 20:29:00.675608
U089,U249,1,2026-06-03 20:29:00.675615
U089,U143,0,2025-07-01 20:29:00.675623
U089,U244,1,2026-03-03 20:29:00.675631
U089,U112,0,2026-04-28 20:29:00.675638
U089,U019,0,2025-11-22 20:29:00.675646
U089,U237,0,2026-02-13 20:29:00.675652
U089,U078,1,2025-11-11 20:29:00.675659
U089,U179,0,2025-06-18 20:29:00.675667
U089,U086,0,2025-08-15 20:29:00.675674
U089,U070,0,2025-06-17 20:29:00.675684
U089,U054,0,2026-05-01 20:29:00.675691
U089,U207,0,2026-01-16 20:29:00.675699
U089,U150,0,2026-03-12 20:29:00.675708
U089,U288,0,2026-03-22 20:29:00.675715
U089,U152,1,2026-03-27 20:29:00.675722
U090,U168,0,2025-10-19 20:29:00.675738
U090,U186,0,2026-04-02 20:29:00.675746
U090,U059,0,2025-11-29 20:29:00.675754
U090,U162,1,2026-05-21 20:29:00.675760
U090,U012,0,2026-04-17 20:29:00.675767
U090,U196,0,2026-04-07 20:29:00.675774
U090,U125,0,2025-08-06 20:29:00.675780
U090,U235,0,2025-06-06 20:29:00.675788
U090,U192,0,2026-03-26 20:29:00.675794
U090,U077,0,2025-12-29 20:29:00.675801
U090,U210,0,2026-03-12 20:29:00.675807
U090,U009,0,2025-11-27 20:29:00.675814
U090,U127,0,2025-12-19 20:29:00.675823
U090,U191,0,2025-11-12 20:29:00.675835
U090,U079,0,2025-07-26 20:29:00.675842
U090,U246,1,2025-10-22 20:29:00.675849
U090,U265,0,2026-05-25 20:29:00.675856
U090,U295,1,2025-06-21 20:29:00.675862
U090,U068,1,2025-11-12 20:29:00.675869
U090,U297,1,2026-01-01 20:29:00.675877
U091,U068,0,2026-04-25 20:29:00.675894
U091,U090,0,2025-09-19 20:29:00.675902
U091,U223,0,2026-04-21 20:29:00.675909
U091,U172,1,2025-07-18 20:29:00.675916
U091,U166,0,2026-01-23 20:29:00.675923
U091,U075,1,2025-07-11 20:29:00.675931
U091,U050,0,2025-08-18 20:29:00.675941
U091,U146,0,2025-12-24 20:29:00.675948
U091,U104,0,2025-10-08 20:29:00.675955
U091,U070,0,2026-03-30 20:29:00.675963
U091,U129,0,2025-07-06 20:29:00.675970
U091,U045,1,2026-05-01 20:29:00.675977
U091,U030,1,2026-01-18 20:29:00.675984
U091,U054,0,2025-10-20 20:29:00.675991
U091,U059,0,2026-01-17 20:29:00.675998
U091,U143,0,2025-12-22 20:29:00.676006
U091,U067,0,2026-04-04 20:29:00.676013
U091,U034,0,2025-06-26 20:29:00.676020
U091,U190,1,2026-02-12 20:29:00.676027
U091,U137,0,2025-12-03 20:29:00.676034
U092,U026,1,2026-03-09 20:29:00.676053
U092,U291,0,2025-09-23 20:29:00.676061
U092,U278,0,2025-07-04 20:29:00.676068
U092,U119,0,2025-06-16 20:29:00.676076
U092,U295,0,2025-08-19 20:29:00.676082
U092,U035,0,2026-02-19 20:29:00.676090
U092,U003,0,2025-07-23 20:29:00.676096
U092,U166,0,2026-05-26 20:29:00.676103
U092,U266,0,2025-10-02 20:29:00.676111
U092,U201,0,2026-03-10 20:29:00.676118
U092,U267,0,2025-08-29 20:29:00.676124
U092,U007,0,2025-11-06 20:29:00.676132
U092,U086,1,2026-02-22 20:29:00.676139
U092,U182,1,2026-01-02 20:29:00.676146
U092,U055,1,2025-09-21 20:29:00.676154
U092,U290,1,2026-05-18 20:29:00.676161
U092,U076,0,2025-09-16 20:29:00.676168
U092,U122,0,2025-07-31 20:29:00.676175
U092,U235,1,2026-04-09 20:29:00.676184
U092,U258,1,2025-11-08 20:29:00.676192
U093,U141,0,2025-12-14 20:29:00.676209
U093,U020,0,2025-10-29 20:29:00.676217
U093,U205,1,2026-06-01 20:29:00.676225
U093,U137,0,2025-09-20 20:29:00.676234
U093,U039,1,2025-06-21 20:29:00.676242
U093,U229,0,2026-05-29 20:29:00.676250
U093,U105,1,2025-08-17 20:29:00.676258
U093,U135,0,2025-10-12 20:29:00.676265
U093,U080,0,2025-12-21 20:29:00.676273
U093,U282,1,2026-03-14 20:29:00.676280
U093,U078,0,2025-12-31 20:29:00.676286
U093,U226,0,2025-12-19 20:29:00.676294
U093,U027,0,2025-09-23 20:29:00.676300
U093,U167,1,2025-12-28 20:29:00.676308
U093,U061,1,2025-07-25 20:29:00.676315
U093,U185,1,2025-10-10 20:29:00.676322
U093,U002,0,2026-01-26 20:29:00.676329
U093,U195,0,2025-11-11 20:29:00.676336
U093,U064,0,2025-09-12 20:29:00.676344
U093,U134,0,2025-11-30 20:29:00.676351
U094,U192,0,2026-03-29 20:29:00.676368
U094,U047,0,2025-08-24 20:29:00.676375
U094,U230,1,2025-10-25 20:29:00.676383
U094,U050,0,2026-04-23 20:29:00.676389
U094,U002,0,2025-07-01 20:29:00.676396
U094,U114,1,2025-07-19 20:29:00.676403
U094,U053,0,2026-04-14 20:29:00.676409
U094,U245,0,2025-09-01 20:29:00.676417
U094,U136,1,2026-01-17 20:29:00.676424
U094,U016,0,2025-07-22 20:29:00.676431
U094,U092,0,2026-05-28 20:29:00.676440
U094,U131,0,2026-04-20 20:29:00.676447
U094,U256,1,2026-02-12 20:29:00.676454
U094,U274,0,2026-03-01 20:29:00.676462
U094,U025,1,2026-04-27 20:29:00.676469
U094,U207,1,2025-10-19 20:29:00.676476
U094,U036,0,2025-11-20 20:29:00.676483
U094,U081,0,2025-11-12 20:29:00.676490
U094,U205,1,2025-07-23 20:29:00.676497
U094,U146,0,2025-07-26 20:29:00.676504
U095,U287,1,2026-03-11 20:29:00.676521
U095,U158,0,2025-11-20 20:29:00.676529
U095,U296,0,2025-10-10 20:29:00.676536
U095,U103,0,2025-06-18 20:29:00.676543
U095,U222,0,2025-11-25 20:29:00.676550
U095,U118,0,2025-12-21 20:29:00.676557
U095,U128,0,2026-03-27 20:29:00.676564
U095,U028,0,2025-08-05 20:29:00.676571
U095,U278,0,2025-11-02 20:29:00.676578
U095,U125,0,2026-06-01 20:29:00.676584
U095,U029,0,2025-12-07 20:29:00.676590
U095,U179,0,2026-04-25 20:29:00.676598
U095,U178,1,2025-12-15 20:29:00.676604
U095,U059,0,2025-10-07 20:29:00.676611
U095,U166,0,2025-11-30 20:29:00.676618
U095,U113,0,2025-06-19 20:29:00.676625
U095,U017,0,2026-05-17 20:29:00.676632
U095,U137,0,2025-11-14 20:29:00.676638
U095,U232,1,2025-09-07 20:29:00.676645
U095,U190,0,2025-12-29 20:29:00.676652
U096,U284,1,2026-01-14 20:29:00.676669
U096,U256,1,2026-02-02 20:29:00.676679
U096,U063,1,2025-10-08 20:29:00.676687
U096,U193,0,2025-11-27 20:29:00.676694
U096,U258,0,2025-07-08 20:29:00.676702
U096,U139,1,2026-02-01 20:29:00.676709
U096,U278,0,2025-07-29 20:29:00.676715
U096,U158,0,2025-10-28 20:29:00.676723
U096,U103,1,2026-04-13 20:29:00.676732
U096,U135,0,2026-05-10 20:29:00.676739
U096,U111,0,2025-09-05 20:29:00.676746
U096,U140,1,2025-10-25 20:29:00.676753
U096,U178,0,2026-04-07 20:29:00.676761
U096,U012,0,2025-10-10 20:29:00.676768
U096,U228,0,2026-05-19 20:29:00.676775
U096,U137,0,2026-02-20 20:29:00.676782
U096,U299,0,2025-06-12 20:29:00.676789
U096,U279,1,2025-12-22 20:29:00.676796
U096,U010,0,2026-04-08 20:29:00.676803
U096,U125,1,2025-08-29 20:29:00.676810
U097,U030,0,2025-12-22 20:29:00.676827
U097,U173,0,2025-11-16 20:29:00.676835
U097,U140,1,2025-07-17 20:29:00.676842
U097,U084,1,2025-10-30 20:29:00.676850
U097,U103,1,2025-06-21 20:29:00.676857
U097,U206,1,2025-08-01 20:29:00.676864
U097,U264,0,2025-06-09 20:29:00.676872
U097,U230,1,2026-01-19 20:29:00.676879
U097,U210,0,2025-12-07 20:29:00.676886
U097,U135,1,2025-11-13 20:29:00.676893
U097,U065,0,2025-07-05 20:29:00.676907
U097,U059,1,2025-09-22 20:29:00.676917
U097,U284,1,2025-09-10 20:29:00.676925
U097,U131,1,2026-01-09 20:29:00.676934
U097,U019,1,2025-08-20 20:29:00.676942
U097,U077,0,2026-02-02 20:29:00.676950
U097,U268,1,2026-03-03 20:29:00.676957
U097,U168,0,2025-06-12 20:29:00.676964
U097,U216,0,2025-09-15 20:29:00.676972
U097,U070,1,2026-03-07 20:29:00.676979
U098,U261,1,2025-08-04 20:29:00.676998
U098,U199,0,2025-06-06 20:29:00.677007
U098,U136,0,2026-03-01 20:29:00.677015
U098,U183,0,2026-04-10 20:29:00.677022
U098,U170,0,2025-11-05 20:29:00.677030
U098,U217,0,2025-08-13 20:29:00.677036
U098,U244,1,2025-12-10 20:29:00.677043
U098,U187,0,2026-05-28 20:29:00.677050
U098,U275,1,2025-10-07 20:29:00.677057
U098,U151,0,2025-08-01 20:29:00.677064
U098,U027,1,2025-10-15 20:29:00.677071
U098,U213,1,2025-08-18 20:29:00.677078
U098,U295,0,2026-03-11 20:29:00.677085
U098,U092,1,2025-11-20 20:29:00.677092
U098,U191,0,2025-10-28 20:29:00.677099
U098,U105,0,2026-01-12 20:29:00.677106
U098,U185,0,2026-03-01 20:29:00.677113
U098,U248,0,2025-12-10 20:29:00.677120
U098,U089,0,2025-10-17 20:29:00.677126
U098,U048,0,2025-07-20 20:29:00.677135
U099,U057,0,2025-09-06 20:29:00.677152
U099,U218,0,2025-08-15 20:29:00.677161
U099,U250,1,2026-02-21 20:29:00.677168
U099,U238,0,2026-01-22 20:29:00.677176
U099,U243,1,2026-04-16 20:29:00.677183
U099,U112,1,2026-02-11 20:29:00.677192
U099,U291,0,2026-06-01 20:29:00.677200
U099,U246,0,2026-02-13 20:29:00.677209
U099,U298,1,2025-10-19 20:29:00.677216
U099,U060,1,2025-06-21 20:29:00.677224
U099,U097,1,2025-08-18 20:29:00.677232
U099,U158,0,2025-07-06 20:29:00.677239
U099,U255,0,2026-02-21 20:29:00.677246
U099,U074,1,2026-04-20 20:29:00.677253
U099,U137,0,2025-12-13 20:29:00.677260
U099,U076,0,2025-11-22 20:29:00.677268
U099,U069,0,2025-06-12 20:29:00.677275
U099,U290,0,2025-10-12 20:29:00.677282
U099,U262,0,2025-08-28 20:29:00.677290
U099,U223,0,2026-02-05 20:29:00.677297
U100,U019,0,2026-04-10 20:29:00.677314
U100,U120,0,2026-04-24 20:29:00.677322
U100,U276,0,2025-10-09 20:29:00.677329
U100,U181,0,2026-01-20 20:29:00.677336
U100,U272,0,2026-03-27 20:29:00.677343
U100,U025,0,2025-06-11 20:29:00.677350
U100,U212,1,2025-06-24 20:29:00.677357
U100,U085,0,2025-12-31 20:29:00.677365
U100,U155,0,2025-11-20 20:29:00.677372
U100,U056,0,2026-04-20 20:29:00.677379
U100,U040,1,2026-06-04 20:29:00.677386
U100,U004,0,2025-06-18 20:29:00.677393
U100,U275,0,2026-01-16 20:29:00.677400
U100,U136,0,2025-06-22 20:29:00.677407
U100,U210,0,2026-03-28 20:29:00.677414
U100,U192,0,2025-07-02 20:29:00.677421
U100,U186,0,2025-12-07 20:29:00.677427
U100,U264,0,2025-07-12 20:29:00.677436
U100,U228,0,2025-12-16 20:29:00.677443
U101,U144,1,2026-01-11 20:29:00.677460
U101,U186,0,2026-03-30 20:29:00.677469
U101,U203,1,2025-07-20 20:29:00.677476
U101,U110,0,2026-02-03 20:29:00.677483
U101,U184,1,2025-12-23 20:29:00.677490
U101,U117,0,2025-10-08 20:29:00.677497
U101,U074,0,2026-03-09 20:29:00.677504
U101,U065,0,2026-05-08 20:29:00.677511
U101,U140,1,2025-11-23 20:29:00.677517
U101,U039,1,2025-11-24 20:29:00.677525
U101,U008,1,2026-04-16 20:29:00.677532
U101,U145,1,2026-04-25 20:29:00.677539
U101,U135,0,2025-10-09 20:29:00.677546
U101,U057,0,2025-08-04 20:29:00.677553
U101,U281,0,2025-12-25 20:29:00.677560
U101,U088,0,2026-05-30 20:29:00.677567
U101,U015,0,2025-11-22 20:29:00.677574
U101,U288,0,2026-02-10 20:29:00.677580
U101,U263,1,2025-09-20 20:29:00.677587
U101,U222,0,2025-12-09 20:29:00.677594
U102,U291,0,2026-01-08 20:29:00.677611
U102,U226,1,2025-11-10 20:29:00.677619
U102,U145,0,2025-07-23 20:29:00.677628
U102,U176,0,2025-07-19 20:29:00.677635
U102,U042,0,2026-02-05 20:29:00.677642
U102,U262,0,2026-02-11 20:29:00.677649
U102,U203,0,2025-09-22 20:29:00.677656
U102,U128,0,2025-10-07 20:29:00.677664
U102,U244,0,2025-06-16 20:29:00.677671
U102,U026,1,2026-01-08 20:29:00.677680
U102,U148,0,2026-01-24 20:29:00.677687
U102,U166,1,2025-08-06 20:29:00.677696
U102,U250,0,2026-02-16 20:29:00.677704
U102,U024,1,2025-06-20 20:29:00.677711
U102,U052,0,2026-03-22 20:29:00.677718
U102,U211,0,2025-10-16 20:29:00.677724
U102,U076,1,2026-04-26 20:29:00.677732
U102,U280,1,2025-07-18 20:29:00.677739
U102,U251,0,2026-06-02 20:29:00.677747
U102,U044,0,2026-02-08 20:29:00.677754
U103,U200,1,2025-10-06 20:29:00.677771
U103,U049,1,2026-02-17 20:29:00.677780
U103,U283,1,2025-06-06 20:29:00.677787
U103,U279,0,2026-04-14 20:29:00.677795
U103,U026,0,2025-11-18 20:29:00.677801
U103,U126,0,2026-01-27 20:29:00.677808
U103,U022,0,2026-01-03 20:29:00.677814
U103,U020,0,2025-12-08 20:29:00.677823
U103,U065,0,2026-02-14 20:29:00.677830
U103,U285,0,2025-12-26 20:29:00.677838
U103,U287,0,2026-02-22 20:29:00.677846
U103,U041,0,2025-09-14 20:29:00.677853
U103,U032,0,2025-11-06 20:29:00.677861
U103,U008,0,2025-12-26 20:29:00.677868
U103,U134,1,2026-01-30 20:29:00.677875
U103,U259,0,2025-11-13 20:29:00.677882
U103,U218,1,2026-05-04 20:29:00.677888
U103,U195,0,2026-03-01 20:29:00.677895
U103,U241,0,2026-04-22 20:29:00.677902
U103,U053,0,2026-02-14 20:29:00.677908
U104,U106,0,2025-09-20 20:29:00.677926
U104,U281,0,2026-01-17 20:29:00.677936
U104,U143,0,2026-03-31 20:29:00.677945
U104,U084,0,2025-08-02 20:29:00.677951
U104,U271,1,2025-12-24 20:29:00.677959
U104,U224,1,2025-09-29 20:29:00.677965
U104,U056,0,2026-03-16 20:29:00.677973
U104,U228,1,2025-07-03 20:29:00.677981
U104,U256,0,2025-08-25 20:29:00.677988
U104,U203,0,2025-12-10 20:29:00.677995
U104,U249,1,2025-08-13 20:29:00.678002
U104,U082,1,2025-09-20 20:29:00.678009
U104,U232,0,2026-03-08 20:29:00.678016
U104,U065,0,2025-06-20 20:29:00.678023
U104,U287,0,2026-03-22 20:29:00.678031
U104,U135,1,2025-06-09 20:29:00.678038
U104,U022,0,2026-04-29 20:29:00.678044
U104,U091,0,2026-03-06 20:29:00.678052
U104,U152,0,2026-06-02 20:29:00.678059
U104,U236,1,2025-07-04 20:29:00.678066
U105,U173,1,2025-09-06 20:29:00.678083
U105,U222,1,2025-10-28 20:29:00.678091
U105,U034,0,2025-12-02 20:29:00.678099
U105,U196,0,2025-09-25 20:29:00.678106
U105,U206,1,2025-09-16 20:29:00.678113
U105,U028,1,2026-02-12 20:29:00.678120
U105,U229,0,2026-05-09 20:29:00.678127
U105,U261,0,2026-02-07 20:29:00.678134
U105,U043,0,2025-07-28 20:29:00.678141
U105,U211,0,2025-06-07 20:29:00.678149
U105,U243,0,2025-11-30 20:29:00.678156
U105,U005,0,2025-06-11 20:29:00.678163
U105,U147,0,2026-04-12 20:29:00.678171
U105,U293,0,2026-02-18 20:29:00.678180
U105,U074,0,2026-04-14 20:29:00.678187
U105,U061,1,2026-04-20 20:29:00.678194
U105,U191,0,2025-11-04 20:29:00.678203
U105,U103,0,2025-08-08 20:29:00.678210
U105,U018,0,2026-02-19 20:29:00.678217
U105,U266,1,2025-07-09 20:29:00.678224
U106,U228,1,2025-10-16 20:29:00.678241
U106,U101,0,2025-08-23 20:29:00.678249
U106,U200,0,2026-03-12 20:29:00.678256
U106,U156,0,2026-06-05 20:29:00.678263
U106,U165,0,2026-03-09 20:29:00.678272
U106,U093,0,2025-09-27 20:29:00.678279
U106,U002,1,2026-03-16 20:29:00.678287
U106,U198,1,2025-11-28 20:29:00.678294
U106,U059,0,2025-12-24 20:29:00.678302
U106,U062,1,2025-12-30 20:29:00.678308
U106,U010,0,2026-04-16 20:29:00.678316
U106,U105,1,2025-07-01 20:29:00.678323
U106,U003,0,2025-12-19 20:29:00.678330
U106,U170,0,2025-08-10 20:29:00.678337
U106,U223,1,2026-03-20 20:29:00.678344
U106,U009,0,2026-01-12 20:29:00.678351
U106,U005,1,2026-02-04 20:29:00.678358
U106,U159,0,2026-05-04 20:29:00.678365
U106,U048,1,2026-01-03 20:29:00.678372
U106,U020,1,2025-08-12 20:29:00.678379
U107,U295,0,2025-07-17 20:29:00.678397
U107,U226,1,2026-04-01 20:29:00.678405
U107,U299,0,2026-05-28 20:29:00.678413
U107,U060,1,2025-10-10 20:29:00.678420
U107,U002,0,2025-10-19 20:29:00.678428
U107,U281,0,2026-01-05 20:29:00.678437
U107,U220,0,2025-08-17 20:29:00.678444
U107,U046,0,2025-11-09 20:29:00.678452
U107,U044,1,2025-10-14 20:29:00.678459
U107,U207,0,2025-11-27 20:29:00.678466
U107,U214,0,2025-11-07 20:29:00.678474
U107,U173,0,2025-07-29 20:29:00.678481
U107,U087,1,2026-04-20 20:29:00.678488
U107,U023,1,2026-03-01 20:29:00.678499
U107,U247,0,2026-05-02 20:29:00.678506
U107,U117,1,2025-12-22 20:29:00.678513
U107,U061,0,2025-08-13 20:29:00.678521
U107,U234,0,2026-01-26 20:29:00.678528
U107,U127,0,2025-09-06 20:29:00.678536
U107,U167,0,2026-03-03 20:29:00.678543
U108,U226,0,2025-12-05 20:29:00.678562
U108,U080,0,2025-11-13 20:29:00.678571
U108,U100,0,2026-01-10 20:29:00.678578
U108,U222,0,2026-01-25 20:29:00.678587
U108,U220,1,2025-07-14 20:29:00.678594
U108,U262,0,2025-12-04 20:29:00.678602
U108,U249,0,2026-01-14 20:29:00.678609
U108,U197,0,2025-10-11 20:29:00.678616
U108,U257,1,2025-08-22 20:29:00.678624
U108,U087,0,2025-07-13 20:29:00.678632
U108,U178,1,2026-04-29 20:29:00.678639
U108,U179,0,2025-10-24 20:29:00.678647
U108,U215,1,2025-12-31 20:29:00.678655
U108,U129,1,2026-02-15 20:29:00.678663
U108,U296,1,2026-05-29 20:29:00.678671
U108,U280,1,2026-01-03 20:29:00.678678
U108,U204,0,2026-05-13 20:29:00.678688
U108,U142,0,2026-03-05 20:29:00.678696
U108,U290,0,2025-06-06 20:29:00.678704
U108,U152,0,2025-12-15 20:29:00.678712
U109,U047,1,2026-05-05 20:29:00.678731
U109,U103,0,2026-02-02 20:29:00.678739
U109,U064,0,2026-03-02 20:29:00.678747
U109,U247,1,2025-08-14 20:29:00.678762
U109,U280,1,2025-09-25 20:29:00.678772
U109,U134,0,2026-01-01 20:29:00.678783
U109,U133,0,2026-05-18 20:29:00.678795
U109,U208,1,2025-09-20 20:29:00.678805
U109,U248,1,2026-04-13 20:29:00.678823
U109,U082,0,2026-02-13 20:29:00.678836
U109,U180,1,2025-12-19 20:29:00.678847
U109,U141,0,2025-12-04 20:29:00.678859
U109,U294,1,2025-08-20 20:29:00.679133
U109,U194,0,2025-08-10 20:29:00.679460
U109,U181,0,2026-02-05 20:29:00.679501
U109,U096,0,2025-06-10 20:29:00.679524
U109,U011,0,2025-12-12 20:29:00.679578
U109,U039,1,2025-09-14 20:29:00.679603
U109,U054,0,2026-03-15 20:29:00.679619
U109,U105,0,2026-05-25 20:29:00.679632
U110,U054,0,2025-09-11 20:29:00.679679
U110,U024,0,2025-11-19 20:29:00.679697
U110,U009,1,2025-07-01 20:29:00.679709
U110,U224,0,2025-10-05 20:29:00.679721
U110,U251,0,2025-11-16 20:29:00.679732
U110,U120,0,2026-04-01 20:29:00.679745
U110,U163,0,2025-10-15 20:29:00.679756
U110,U288,0,2025-10-02 20:29:00.679768
U110,U289,0,2026-03-05 20:29:00.679789
U110,U202,0,2025-12-02 20:29:00.679802
U110,U075,0,2026-03-09 20:29:00.679814
U110,U260,0,2025-11-25 20:29:00.679825
U110,U060,0,2025-12-07 20:29:00.679837
U110,U199,0,2026-03-07 20:29:00.679849
U110,U049,1,2025-09-06 20:29:00.679860
U110,U051,0,2025-12-20 20:29:00.679871
U110,U166,1,2026-01-21 20:29:00.679884
U110,U300,0,2025-10-15 20:29:00.679896
U110,U242,0,2026-04-29 20:29:00.679906
U110,U003,0,2025-10-20 20:29:00.679916
U111,U114,0,2025-10-17 20:29:00.679953
U111,U192,1,2026-03-24 20:29:00.679964
U111,U130,0,2025-10-28 20:29:00.679974
U111,U279,1,2026-04-10 20:29:00.679983
U111,U231,0,2025-06-09 20:29:00.679992
U111,U127,0,2025-08-21 20:29:00.680001
U111,U232,0,2025-11-20 20:29:00.680010
U111,U142,0,2025-09-17 20:29:00.680017
U111,U103,0,2025-09-04 20:29:00.680026
U111,U118,0,2026-02-10 20:29:00.680034
U111,U108,0,2026-03-12 20:29:00.680043
U111,U027,0,2026-02-18 20:29:00.680051
U111,U216,0,2025-07-05 20:29:00.680059
U111,U238,0,2025-11-13 20:29:00.680066
U111,U244,0,2025-06-20 20:29:00.680078
U111,U151,0,2026-04-04 20:29:00.680091
U111,U186,1,2025-11-22 20:29:00.680108
U111,U243,0,2026-03-16 20:29:00.680120
U111,U181,0,2025-12-02 20:29:00.680131
U111,U107,0,2026-04-03 20:29:00.680143
U112,U017,0,2026-03-04 20:29:00.680176
U112,U132,1,2026-02-07 20:29:00.680187
U112,U159,0,2025-10-08 20:29:00.680201
U112,U016,0,2025-07-15 20:29:00.680214
U112,U173,1,2025-09-10 20:29:00.680225
U112,U250,0,2025-11-12 20:29:00.680235
U112,U262,1,2026-01-22 20:29:00.680246
U112,U198,0,2025-08-21 20:29:00.680297
U112,U157,0,2026-02-20 20:29:00.680340
U112,U116,1,2026-04-14 20:29:00.680359
U112,U279,1,2026-04-13 20:29:00.680374
U112,U192,1,2025-10-27 20:29:00.680384
U112,U228,0,2025-09-20 20:29:00.680393
U112,U028,0,2025-09-13 20:29:00.680402
U112,U168,0,2025-07-16 20:29:00.680411
U112,U117,0,2026-04-13 20:29:00.680423
U112,U160,0,2026-04-04 20:29:00.680435
U112,U138,0,2025-12-30 20:29:00.680445
U112,U110,0,2025-10-10 20:29:00.680453
U112,U243,1,2025-08-16 20:29:00.680465
U113,U214,0,2025-10-18 20:29:00.680503
U113,U022,0,2025-12-05 20:29:00.680515
U113,U121,0,2026-04-11 20:29:00.680523
U113,U192,0,2026-03-22 20:29:00.680530
U113,U007,1,2025-10-26 20:29:00.680539
U113,U114,0,2025-12-07 20:29:00.680546
U113,U107,1,2026-03-20 20:29:00.680554
U113,U292,0,2025-11-09 20:29:00.680561
U113,U165,0,2025-07-05 20:29:00.680569
U113,U043,0,2025-06-22 20:29:00.680576
U113,U012,0,2025-08-12 20:29:00.680583
U113,U029,0,2025-06-26 20:29:00.680590
U113,U016,0,2026-02-12 20:29:00.680607
U113,U247,0,2025-12-15 20:29:00.680617
U113,U122,0,2025-08-28 20:29:00.680628
U113,U112,1,2025-12-18 20:29:00.680637
U113,U213,0,2025-08-06 20:29:00.680648
U113,U228,1,2025-08-16 20:29:00.680660
U113,U298,0,2026-02-23 20:29:00.680670
U113,U103,0,2025-08-20 20:29:00.680683
U114,U248,0,2025-09-03 20:29:00.680714
U114,U299,0,2025-06-08 20:29:00.680726
U114,U163,1,2025-12-04 20:29:00.680738
U114,U022,1,2025-08-18 20:29:00.680748
U114,U069,0,2026-02-23 20:29:00.680759
U114,U064,0,2026-05-14 20:29:00.680768
U114,U267,0,2025-12-16 20:29:00.680775
U114,U215,0,2025-12-04 20:29:00.680783
U114,U044,0,2026-04-04 20:29:00.680790
U114,U257,1,2025-08-03 20:29:00.680798
U114,U272,0,2025-06-14 20:29:00.680805
U114,U116,0,2026-05-29 20:29:00.680812
U114,U219,1,2025-12-11 20:29:00.680819
U114,U131,1,2026-03-19 20:29:00.680826
U114,U006,0,2025-09-12 20:29:00.680833
U114,U129,1,2026-04-09 20:29:00.680841
U114,U221,0,2025-09-16 20:29:00.680848
U114,U202,0,2026-04-12 20:29:00.680855
U114,U156,0,2025-09-02 20:29:00.680865
U114,U166,0,2025-10-12 20:29:00.680872
U115,U076,0,2026-03-18 20:29:00.680893
U115,U040,0,2025-12-24 20:29:00.680901
U115,U222,0,2026-05-14 20:29:00.680908
U115,U196,0,2026-01-31 20:29:00.680921
U115,U089,1,2025-06-20 20:29:00.680929
U115,U056,0,2025-08-25 20:29:00.680936
U115,U118,0,2025-11-08 20:29:00.680943
U115,U152,1,2025-08-22 20:29:00.680950
U115,U043,0,2025-12-17 20:29:00.680958
U115,U073,0,2025-07-11 20:29:00.680967
U115,U036,0,2026-01-22 20:29:00.680974
U115,U291,0,2026-02-22 20:29:00.680982
U115,U016,0,2026-02-09 20:29:00.680989
U115,U065,0,2025-12-18 20:29:00.680996
U115,U066,1,2026-02-25 20:29:00.681003
U115,U037,1,2025-12-30 20:29:00.681010
U115,U261,0,2025-08-19 20:29:00.681017
U115,U251,0,2025-12-25 20:29:00.681025
U115,U265,0,2025-10-04 20:29:00.681032
U115,U292,1,2025-10-03 20:29:00.681040
U116,U005,0,2025-06-14 20:29:00.681061
U116,U086,0,2026-01-08 20:29:00.681070
U116,U012,0,2025-06-09 20:29:00.681077
U116,U006,0,2026-05-06 20:29:00.681084
U116,U278,0,2025-12-15 20:29:00.681104
U116,U046,0,2025-12-18 20:29:00.681114
U116,U215,0,2026-02-06 20:29:00.681122
U116,U228,0,2025-11-16 20:29:00.681130
U116,U238,0,2025-11-12 20:29:00.681137
U116,U149,0,2026-03-06 20:29:00.681145
U116,U242,0,2025-09-16 20:29:00.681152
U116,U039,0,2025-08-25 20:29:00.681159
U116,U029,0,2025-12-16 20:29:00.681166
U116,U266,0,2026-01-04 20:29:00.681173
U116,U293,0,2026-04-05 20:29:00.681181
U116,U145,0,2025-09-10 20:29:00.681190
U116,U076,0,2026-01-12 20:29:00.681198
U116,U279,0,2026-05-05 20:29:00.681205
U116,U152,0,2025-06-20 20:29:00.681212
U116,U289,0,2025-07-22 20:29:00.681219
U117,U106,0,2025-12-29 20:29:00.681239
U117,U246,1,2026-05-30 20:29:00.681247
U117,U038,0,2025-12-28 20:29:00.681254
U117,U021,0,2026-05-25 20:29:00.681262
U117,U150,0,2026-05-29 20:29:00.681269
U117,U193,1,2026-04-25 20:29:00.681276
U117,U119,1,2025-12-21 20:29:00.681284
U117,U230,1,2026-04-28 20:29:00.681291
U117,U002,0,2026-02-14 20:29:00.681298
U117,U093,0,2025-11-27 20:29:00.681305
U117,U088,0,2025-06-29 20:29:00.681312
U117,U274,0,2026-04-20 20:29:00.681319
U117,U214,0,2025-11-02 20:29:00.681326
U117,U171,0,2026-03-10 20:29:00.681333
U117,U233,0,2025-08-09 20:29:00.681341
U117,U096,0,2025-12-05 20:29:00.681348
U117,U016,1,2026-02-09 20:29:00.681354
U117,U053,0,2026-04-27 20:29:00.681361
U117,U010,0,2025-07-31 20:29:00.681368
U117,U169,0,2025-09-14 20:29:00.681375
U118,U088,1,2025-08-19 20:29:00.681392
U118,U105,0,2025-07-13 20:29:00.681400
U118,U233,0,2025-11-12 20:29:00.681408
U118,U148,0,2026-06-02 20:29:00.681415
U118,U235,0,2026-05-24 20:29:00.681422
U118,U296,0,2025-06-26 20:29:00.681430
U118,U110,1,2025-12-23 20:29:00.681437
U118,U040,0,2026-05-23 20:29:00.681446
U118,U157,1,2025-08-07 20:29:00.681453
U118,U160,0,2025-12-12 20:29:00.681460
U118,U243,1,2025-08-22 20:29:00.681467
U118,U098,1,2025-12-18 20:29:00.681474
U118,U007,1,2025-06-07 20:29:00.681481
U118,U073,0,2026-05-17 20:29:00.681491
U118,U244,0,2026-05-28 20:29:00.681498
U118,U265,1,2025-09-09 20:29:00.681505
U118,U237,0,2026-02-06 20:29:00.681512
U118,U016,1,2025-09-17 20:29:00.681519
U118,U050,0,2025-09-12 20:29:00.681526
U118,U181,0,2025-11-12 20:29:00.681533
U119,U189,0,2026-02-07 20:29:00.681550
U119,U007,0,2025-06-26 20:29:00.681559
U119,U259,0,2025-07-19 20:29:00.681568
U119,U088,0,2025-07-03 20:29:00.681575
U119,U044,0,2025-10-09 20:29:00.681582
U119,U113,1,2026-04-19 20:29:00.681588
U119,U218,0,2025-08-10 20:29:00.681596
U119,U006,0,2025-11-06 20:29:00.681604
U119,U058,0,2026-03-08 20:29:00.681611
U119,U015,0,2025-11-15 20:29:00.681618
U119,U107,0,2026-01-07 20:29:00.681625
U119,U265,0,2025-10-08 20:29:00.681632
U119,U250,0,2026-05-14 20:29:00.681640
U119,U025,1,2025-12-02 20:29:00.681647
U119,U223,1,2025-12-20 20:29:00.681654
U119,U004,1,2026-04-07 20:29:00.681661
U119,U048,1,2026-02-28 20:29:00.681668
U119,U212,1,2026-05-28 20:29:00.681675
U119,U167,0,2025-12-12 20:29:00.681683
U119,U109,0,2026-05-25 20:29:00.681706
U120,U046,0,2026-02-10 20:29:00.681725
U120,U240,1,2026-02-23 20:29:00.681734
U120,U126,0,2025-07-26 20:29:00.681741
U120,U059,1,2025-11-16 20:29:00.681750
U120,U157,0,2026-03-01 20:29:00.681757
U120,U171,0,2026-05-30 20:29:00.681765
U120,U236,0,2025-12-16 20:29:00.681773
U120,U238,0,2026-04-22 20:29:00.681781
U120,U252,1,2025-12-01 20:29:00.681790
U120,U223,1,2025-07-16 20:29:00.681797
U120,U135,1,2025-06-09 20:29:00.681805
U120,U132,1,2026-03-26 20:29:00.681813
U120,U165,1,2026-02-07 20:29:00.681821
U120,U037,0,2025-09-16 20:29:00.681829
U120,U195,0,2025-08-05 20:29:00.681836
U120,U128,0,2025-10-22 20:29:00.681844
U120,U194,1,2025-10-22 20:29:00.681851
U120,U265,0,2026-01-21 20:29:00.681858
U120,U011,0,2026-04-08 20:29:00.681865
U120,U216,0,2026-02-06 20:29:00.681872
U121,U262,0,2025-08-30 20:29:00.681892
U121,U248,0,2025-07-11 20:29:00.681900
U121,U043,0,2025-09-26 20:29:00.681911
U121,U056,0,2025-12-25 20:29:00.681921
U121,U220,0,2025-08-17 20:29:00.681930
U121,U160,0,2025-08-02 20:29:00.681941
U121,U161,0,2026-02-06 20:29:00.681951
U121,U244,1,2026-02-13 20:29:00.681959
U121,U080,1,2026-03-09 20:29:00.681967
U121,U198,0,2025-10-08 20:29:00.681974
U121,U112,0,2026-03-26 20:29:00.681982
U121,U255,1,2026-05-11 20:29:00.681992
U121,U052,1,2026-05-24 20:29:00.682002
U121,U203,1,2025-07-28 20:29:00.682013
U121,U015,1,2026-03-03 20:29:00.682023
U121,U236,1,2025-07-28 20:29:00.682033
U121,U281,0,2025-06-18 20:29:00.682043
U121,U213,0,2026-01-02 20:29:00.682053
U121,U142,0,2026-04-03 20:29:00.682064
U121,U039,1,2025-06-19 20:29:00.682076
U122,U099,1,2025-10-07 20:29:00.682107
U122,U207,1,2025-10-11 20:29:00.682121
U122,U050,0,2025-10-16 20:29:00.682132
U122,U092,0,2026-03-29 20:29:00.682144
U122,U112,0,2026-05-07 20:29:00.682156
U122,U189,0,2025-12-18 20:29:00.682166
U122,U071,1,2026-03-15 20:29:00.682176
U122,U203,0,2025-11-22 20:29:00.682188
U122,U243,1,2025-06-10 20:29:00.682199
U122,U085,0,2026-03-11 20:29:00.682212
U122,U298,1,2026-04-18 20:29:00.682222
U122,U176,0,2025-07-14 20:29:00.682234
U122,U293,1,2025-06-20 20:29:00.682245
U122,U157,1,2025-06-12 20:29:00.682256
U122,U142,0,2026-01-10 20:29:00.682268
U122,U258,1,2026-03-26 20:29:00.682281
U122,U275,1,2025-11-01 20:29:00.682292
U122,U041,1,2026-04-17 20:29:00.682303
U122,U183,0,2026-04-16 20:29:00.682315
U122,U154,0,2025-12-05 20:29:00.682327
U123,U070,0,2025-09-13 20:29:00.682361
U123,U044,0,2026-02-27 20:29:00.682373
U123,U267,0,2025-09-19 20:29:00.682384
U123,U289,1,2025-11-07 20:29:00.682396
U123,U261,0,2026-04-08 20:29:00.682409
U123,U155,1,2026-02-14 20:29:00.682419
U123,U059,0,2025-07-31 20:29:00.682432
U123,U072,0,2025-08-08 20:29:00.682445
U123,U217,0,2026-04-21 20:29:00.682458
U123,U001,0,2025-09-21 20:29:00.682472
U123,U153,0,2025-12-10 20:29:00.682482
U123,U276,0,2026-06-04 20:29:00.682495
U123,U062,0,2026-03-26 20:29:00.682507
U123,U137,1,2025-06-06 20:29:00.682519
U123,U235,0,2026-03-18 20:29:00.682531
U123,U150,0,2025-09-27 20:29:00.682542
U123,U135,0,2025-11-10 20:29:00.682554
U123,U045,0,2025-12-26 20:29:00.682567
U123,U117,1,2025-09-18 20:29:00.682578
U123,U145,0,2026-01-30 20:29:00.682591
U124,U198,0,2025-12-01 20:29:00.682620
U124,U258,0,2026-04-23 20:29:00.682629
U124,U112,0,2026-02-22 20:29:00.682637
U124,U101,0,2026-01-27 20:29:00.682645
U124,U156,0,2025-12-03 20:29:00.682653
U124,U039,0,2026-05-06 20:29:00.682660
U124,U241,1,2026-05-25 20:29:00.682668
U124,U246,0,2025-06-06 20:29:00.682676
U124,U232,1,2025-07-14 20:29:00.682684
U124,U036,1,2026-04-27 20:29:00.682691
U124,U084,0,2026-04-27 20:29:00.682699
U124,U028,1,2026-02-20 20:29:00.682706
U124,U274,0,2025-08-13 20:29:00.682714
U124,U230,0,2025-09-02 20:29:00.682721
U124,U129,0,2025-10-03 20:29:00.682729
U124,U096,0,2026-02-14 20:29:00.682736
U124,U231,1,2025-07-13 20:29:00.682745
U124,U212,0,2025-11-09 20:29:00.682752
U124,U228,0,2025-10-07 20:29:00.682760
U124,U082,0,2025-12-01 20:29:00.682768
U125,U102,0,2025-12-19 20:29:00.682788
U125,U202,0,2026-01-24 20:29:00.682796
U125,U020,0,2026-04-04 20:29:00.682803
U125,U275,0,2026-04-01 20:29:00.682810
U125,U107,0,2025-11-18 20:29:00.682818
U125,U290,0,2025-08-18 20:29:00.682825
U125,U157,1,2025-10-01 20:29:00.682832
U125,U266,0,2025-08-28 20:29:00.682840
U125,U110,1,2025-11-07 20:29:00.682847
U125,U123,0,2025-10-08 20:29:00.682854
U125,U280,0,2026-03-20 20:29:00.682861
U125,U228,0,2025-10-04 20:29:00.682868
U125,U263,0,2026-01-13 20:29:00.682875
U125,U201,0,2025-11-20 20:29:00.682882
U125,U270,0,2025-09-09 20:29:00.682889
U125,U238,0,2026-04-06 20:29:00.682896
U125,U065,0,2026-05-21 20:29:00.682902
U125,U259,0,2026-05-27 20:29:00.682909
U125,U158,0,2025-12-12 20:29:00.682916
U125,U192,0,2026-01-17 20:29:00.682923
U126,U103,0,2025-12-25 20:29:00.682940
U126,U109,1,2025-12-10 20:29:00.682948
U126,U019,0,2026-06-05 20:29:00.682957
U126,U258,1,2025-10-31 20:29:00.682964
U126,U068,0,2025-11-04 20:29:00.682972
U126,U033,1,2025-12-30 20:29:00.682979
U126,U082,1,2026-05-04 20:29:00.682987
U126,U205,0,2025-10-18 20:29:00.682994
U126,U218,0,2025-11-20 20:29:00.683001
U126,U262,0,2025-09-21 20:29:00.683008
U126,U160,0,2025-08-08 20:29:00.683016
U126,U261,1,2026-01-16 20:29:00.683023
U126,U120,1,2026-05-21 20:29:00.683030
U126,U158,0,2026-04-17 20:29:00.683037
U126,U242,1,2025-07-14 20:29:00.683044
U126,U042,0,2025-11-03 20:29:00.683050
U126,U292,0,2025-10-03 20:29:00.683058
U126,U063,0,2026-05-31 20:29:00.683065
U126,U153,0,2026-04-22 20:29:00.683072
U126,U164,0,2025-07-25 20:29:00.683079
U127,U009,0,2026-05-10 20:29:00.683098
U127,U132,0,2026-04-19 20:29:00.683124
U127,U264,1,2026-03-30 20:29:00.683133
U127,U129,0,2026-03-20 20:29:00.683140
U127,U044,1,2025-06-12 20:29:00.683148
U127,U207,1,2026-01-13 20:29:00.683155
U127,U192,1,2026-01-04 20:29:00.683162
U127,U103,1,2026-04-29 20:29:00.683169
U127,U078,0,2026-03-16 20:29:00.683176
U127,U079,1,2026-06-04 20:29:00.683184
U127,U053,0,2026-03-17 20:29:00.683191
U127,U113,0,2025-12-03 20:29:00.683198
U127,U194,1,2025-08-29 20:29:00.683206
U127,U261,0,2026-05-16 20:29:00.683213
U127,U100,1,2025-06-18 20:29:00.683220
U127,U196,1,2025-08-10 20:29:00.683228
U127,U282,0,2026-03-17 20:29:00.683235
U127,U054,0,2025-11-24 20:29:00.683243
U127,U197,0,2026-01-20 20:29:00.683250
U127,U003,0,2025-06-19 20:29:00.683257
U128,U269,1,2025-09-19 20:29:00.683277
U128,U216,0,2025-06-30 20:29:00.683285
U128,U105,0,2025-10-30 20:29:00.683294
U128,U138,1,2026-04-27 20:29:00.683301
U128,U042,0,2025-09-07 20:29:00.683309
U128,U127,0,2026-02-18 20:29:00.683316
U128,U075,1,2025-11-25 20:29:00.683324
U128,U245,0,2025-11-25 20:29:00.683332
U128,U101,0,2026-01-23 20:29:00.683339
U128,U142,0,2026-03-26 20:29:00.683347
U128,U173,0,2026-02-07 20:29:00.683353
U128,U117,0,2025-09-11 20:29:00.683360
U128,U218,0,2026-01-26 20:29:00.683368
U128,U237,0,2025-10-20 20:29:00.683375
U128,U179,1,2025-07-27 20:29:00.683383
U128,U001,0,2026-05-23 20:29:00.683390
U128,U124,0,2026-01-16 20:29:00.683398
U128,U296,0,2025-10-31 20:29:00.683406
U128,U047,1,2025-10-11 20:29:00.683413
U128,U019,0,2025-08-10 20:29:00.683420
U129,U218,0,2025-11-21 20:29:00.683438
U129,U022,0,2025-06-30 20:29:00.683445
U129,U088,0,2026-05-14 20:29:00.683453
U129,U187,1,2025-09-17 20:29:00.683460
U129,U279,0,2026-02-11 20:29:00.683468
U129,U230,0,2025-08-09 20:29:00.683475
U129,U078,0,2025-11-12 20:29:00.683484
U129,U242,1,2025-11-23 20:29:00.683491
U129,U257,1,2025-10-07 20:29:00.683498
U129,U256,1,2026-06-04 20:29:00.683505
U129,U137,0,2026-04-02 20:29:00.683512
U129,U032,0,2026-05-24 20:29:00.683519
U129,U020,1,2025-12-27 20:29:00.683526
U129,U045,0,2026-01-15 20:29:00.683534
U129,U084,0,2026-03-13 20:29:00.683540
U129,U278,1,2026-01-16 20:29:00.683547
U129,U172,0,2025-09-04 20:29:00.683555
U129,U196,0,2025-12-14 20:29:00.683562
U129,U060,0,2026-04-08 20:29:00.683569
U129,U155,0,2026-03-17 20:29:00.683576
U130,U018,0,2026-04-16 20:29:00.683594
U130,U114,0,2025-09-17 20:29:00.683602
U130,U090,0,2026-04-01 20:29:00.683610
U130,U294,0,2026-04-16 20:29:00.683617
U130,U041,1,2025-10-15 20:29:00.683624
U130,U053,0,2025-10-30 20:29:00.683631
U130,U031,0,2025-09-01 20:29:00.683638
U130,U137,0,2025-07-07 20:29:00.683646
U130,U004,0,2025-12-08 20:29:00.683654
U130,U224,0,2025-08-10 20:29:00.683661
U130,U036,0,2025-11-02 20:29:00.683668
U130,U193,1,2026-02-23 20:29:00.683675
U130,U020,0,2025-07-09 20:29:00.683683
U130,U273,1,2025-07-27 20:29:00.683690
U130,U057,0,2026-04-07 20:29:00.683697
U130,U218,0,2025-11-19 20:29:00.683704
U130,U158,0,2025-07-30 20:29:00.683712
U130,U251,1,2025-07-05 20:29:00.683719
U130,U093,1,2025-09-10 20:29:00.683727
U130,U293,0,2026-02-14 20:29:00.683734
U131,U043,1,2025-09-11 20:29:00.683751
U131,U038,0,2025-12-29 20:29:00.683760
U131,U054,0,2026-02-11 20:29:00.683768
U131,U167,0,2025-07-24 20:29:00.683776
U131,U047,0,2026-05-12 20:29:00.683784
U131,U132,1,2026-01-25 20:29:00.683792
U131,U045,1,2026-03-19 20:29:00.683800
U131,U277,1,2026-01-31 20:29:00.683808
U131,U146,0,2025-10-26 20:29:00.683815
U131,U080,0,2025-12-10 20:29:00.683823
U131,U248,0,2025-08-06 20:29:00.683831
U131,U048,0,2025-08-02 20:29:00.683838
U131,U158,0,2026-03-14 20:29:00.683846
U131,U286,0,2026-04-05 20:29:00.683853
U131,U211,0,2026-05-05 20:29:00.683860
U131,U171,0,2025-09-14 20:29:00.683867
U131,U088,0,2026-05-29 20:29:00.683874
U131,U107,0,2026-05-28 20:29:00.683881
U131,U063,0,2025-07-06 20:29:00.683888
U131,U041,0,2025-10-03 20:29:00.683896
U132,U066,0,2025-07-09 20:29:00.683913
U132,U261,0,2025-09-26 20:29:00.683920
U132,U250,0,2025-11-11 20:29:00.683928
U132,U082,0,2026-03-21 20:29:00.683936
U132,U226,0,2025-07-19 20:29:00.683944
U132,U017,0,2025-12-18 20:29:00.683951
U132,U254,1,2026-04-08 20:29:00.683958
U132,U201,0,2025-10-19 20:29:00.683965
U132,U215,0,2026-06-04 20:29:00.683973
U132,U068,1,2025-11-16 20:29:00.683980
U132,U262,0,2026-04-17 20:29:00.683987
U132,U213,0,2025-09-30 20:29:00.683994
U132,U171,0,2026-02-04 20:29:00.684001
U132,U280,1,2026-05-12 20:29:00.684014
U132,U160,0,2026-05-21 20:29:00.684021
U132,U136,0,2025-07-10 20:29:00.684029
U132,U202,0,2026-04-18 20:29:00.684036
U132,U197,0,2025-07-25 20:29:00.684043
U132,U019,0,2026-03-08 20:29:00.684051
U132,U041,0,2025-09-17 20:29:00.684058
U133,U012,1,2025-11-28 20:29:00.684076
U133,U052,0,2025-08-05 20:29:00.684084
U133,U253,1,2026-03-18 20:29:00.684092
U133,U221,0,2025-08-03 20:29:00.684100
U133,U086,0,2025-12-05 20:29:00.684107
U133,U251,0,2025-07-05 20:29:00.684115
U133,U163,1,2026-03-12 20:29:00.684122
U133,U265,0,2026-06-05 20:29:00.684130
U133,U241,1,2025-07-12 20:29:00.684137
U133,U225,0,2026-02-23 20:29:00.684145
U133,U147,0,2025-11-21 20:29:00.684152
U133,U295,0,2025-09-18 20:29:00.684160
U133,U024,0,2026-05-22 20:29:00.684167
U133,U121,0,2026-06-02 20:29:00.684174
U133,U153,0,2025-08-23 20:29:00.684181
U133,U017,0,2025-11-08 20:29:00.684188
U133,U114,1,2025-10-22 20:29:00.684195
U133,U030,0,2025-11-04 20:29:00.684202
U133,U172,1,2025-10-12 20:29:00.684209
U134,U144,0,2026-02-23 20:29:00.684227
U134,U011,0,2025-07-26 20:29:00.684235
U134,U132,1,2025-12-08 20:29:00.684244
U134,U253,0,2026-05-11 20:29:00.684251
U134,U300,1,2025-07-18 20:29:00.684259
U134,U084,1,2025-07-02 20:29:00.684269
U134,U185,0,2025-12-19 20:29:00.684277
U134,U193,0,2025-11-29 20:29:00.684284
U134,U116,1,2025-07-28 20:29:00.684292
U134,U087,0,2025-12-30 20:29:00.684299
U134,U206,0,2025-12-01 20:29:00.684306
U134,U232,0,2026-05-25 20:29:00.684313
U134,U299,1,2026-05-08 20:29:00.684324
U134,U043,0,2025-08-11 20:29:00.684331
U134,U143,0,2026-03-09 20:29:00.684339
U134,U255,0,2025-08-17 20:29:00.684346
U134,U133,0,2026-02-22 20:29:00.684354
U134,U209,0,2025-10-27 20:29:00.684361
U134,U068,1,2025-12-03 20:29:00.684368
U134,U091,0,2026-01-28 20:29:00.684376
U135,U113,0,2025-06-13 20:29:00.684395
U135,U205,0,2026-01-28 20:29:00.684404
U135,U039,1,2026-05-18 20:29:00.684411
U135,U168,0,2025-08-31 20:29:00.684418
U135,U126,0,2025-06-29 20:29:00.684426
U135,U152,0,2025-09-17 20:29:00.684434
U135,U287,0,2026-02-04 20:29:00.684442
U135,U099,1,2026-01-08 20:29:00.684450
U135,U251,0,2026-04-12 20:29:00.684457
U135,U267,0,2025-09-17 20:29:00.684464
U135,U160,1,2025-11-19 20:29:00.684471
U135,U254,1,2025-11-18 20:29:00.684479
U135,U288,0,2025-11-25 20:29:00.684486
U135,U252,0,2026-05-12 20:29:00.684493
U135,U034,0,2025-07-31 20:29:00.684500
U135,U223,1,2026-03-29 20:29:00.684509
U135,U265,1,2026-01-23 20:29:00.684516
U135,U263,0,2026-04-28 20:29:00.684525
U135,U028,0,2025-11-10 20:29:00.684532
U135,U191,1,2026-01-27 20:29:00.684539
U136,U026,1,2025-09-12 20:29:00.684556
U136,U255,0,2026-04-23 20:29:00.684563
U136,U294,1,2025-06-24 20:29:00.684571
U136,U092,1,2026-05-31 20:29:00.684579
U136,U023,0,2025-12-26 20:29:00.684586
U136,U186,0,2025-12-11 20:29:00.684593
U136,U276,0,2025-12-12 20:29:00.684600
U136,U055,0,2025-06-25 20:29:00.684608
U136,U224,0,2025-09-13 20:29:00.684615
U136,U247,1,2026-05-06 20:29:00.684622
U136,U194,1,2026-05-16 20:29:00.684629
U136,U060,1,2025-07-25 20:29:00.684637
U136,U008,0,2025-06-08 20:29:00.684644
U136,U107,0,2025-11-05 20:29:00.684651
U136,U096,0,2026-05-13 20:29:00.684658
U136,U143,0,2025-08-06 20:29:00.684665
U136,U152,1,2025-07-19 20:29:00.684672
U136,U262,0,2025-11-05 20:29:00.684679
U136,U174,0,2026-03-16 20:29:00.684686
U136,U039,0,2026-05-29 20:29:00.684692
U137,U226,0,2025-09-20 20:29:00.684709
U137,U138,0,2026-04-12 20:29:00.684717
U137,U123,0,2025-11-15 20:29:00.684725
U137,U225,1,2025-08-15 20:29:00.684731
U137,U199,1,2026-05-24 20:29:00.684739
U137,U289,1,2025-12-16 20:29:00.684746
U137,U178,0,2026-02-20 20:29:00.684754
U137,U184,0,2026-05-25 20:29:00.684761
U137,U037,0,2025-08-08 20:29:00.684771
U137,U103,0,2025-12-16 20:29:00.684780
U137,U167,0,2025-07-14 20:29:00.684787
U137,U242,0,2025-07-28 20:29:00.684795
U137,U215,0,2025-10-04 20:29:00.684802
U137,U247,0,2025-09-23 20:29:00.684810
U137,U098,0,2026-01-25 20:29:00.684817
U137,U113,1,2025-12-09 20:29:00.684824
U137,U270,1,2026-02-17 20:29:00.684830
U137,U189,1,2026-01-17 20:29:00.684839
U137,U050,0,2025-10-08 20:29:00.684846
U137,U022,1,2026-04-26 20:29:00.684853
U138,U033,1,2026-04-20 20:29:00.684869
U138,U183,0,2025-10-18 20:29:00.684877
U138,U072,0,2026-01-23 20:29:00.684885
U138,U005,1,2025-06-23 20:29:00.684893
U138,U191,0,2026-03-07 20:29:00.684900
U138,U153,0,2026-03-23 20:29:00.684907
U138,U245,0,2025-08-17 20:29:00.684914
U138,U127,0,2026-01-20 20:29:00.684921
U138,U122,1,2025-07-30 20:29:00.684928
U138,U117,0,2026-04-03 20:29:00.684935
U138,U102,0,2025-11-09 20:29:00.684942
U138,U232,1,2025-09-15 20:29:00.684949
U138,U110,1,2025-07-02 20:29:00.684956
U138,U066,0,2026-04-16 20:29:00.684963
U138,U094,1,2025-08-31 20:29:00.684970
U138,U250,0,2025-11-07 20:29:00.684977
U138,U131,0,2025-09-26 20:29:00.684984
U138,U214,1,2025-06-08 20:29:00.684991
U138,U208,1,2026-02-07 20:29:00.684998
U138,U281,0,2025-12-02 20:29:00.685005
U139,U074,0,2026-03-11 20:29:00.685022
U139,U094,0,2026-05-29 20:29:00.685031
U139,U114,0,2025-12-28 20:29:00.685039
U139,U034,0,2026-05-29 20:29:00.685045
U139,U112,0,2025-11-22 20:29:00.685052
U139,U061,0,2026-01-30 20:29:00.685060
U139,U295,0,2026-02-03 20:29:00.685067
U139,U164,0,2025-12-05 20:29:00.685074
U139,U248,0,2026-05-10 20:29:00.685081
U139,U146,1,2025-10-06 20:29:00.685088
U139,U147,0,2026-05-11 20:29:00.685095
U139,U014,0,2026-03-02 20:29:00.685102
U139,U156,0,2025-11-25 20:29:00.685118
U139,U273,1,2025-09-17 20:29:00.685126
U139,U067,0,2026-01-25 20:29:00.685134
U139,U089,0,2026-01-03 20:29:00.685141
U139,U232,1,2026-01-18 20:29:00.685148
U139,U032,0,2025-12-16 20:29:00.685155
U139,U103,0,2025-11-15 20:29:00.685162
U139,U108,0,2025-09-21 20:29:00.685169
U140,U292,1,2026-05-21 20:29:00.685188
U140,U114,1,2026-01-11 20:29:00.685195
U140,U172,1,2025-12-08 20:29:00.685202
U140,U151,0,2025-10-26 20:29:00.685209
U140,U130,1,2026-05-31 20:29:00.685216
U140,U070,1,2026-05-30 20:29:00.685223
U140,U198,0,2025-10-14 20:29:00.685230
U140,U048,0,2026-02-26 20:29:00.685237
U140,U268,1,2025-09-25 20:29:00.685244
U140,U030,0,2026-05-05 20:29:00.685251
U140,U099,1,2025-07-08 20:29:00.685258
U140,U161,0,2025-12-04 20:29:00.685265
U140,U234,1,2025-06-23 20:29:00.685274
U140,U084,1,2025-06-11 20:29:00.685280
U140,U247,0,2026-02-19 20:29:00.685287
U140,U055,0,2025-10-06 20:29:00.685294
U140,U064,0,2025-09-26 20:29:00.685301
U140,U044,0,2026-01-18 20:29:00.685308
U140,U116,1,2026-01-21 20:29:00.685315
U140,U100,0,2026-02-15 20:29:00.685321
U141,U017,0,2025-12-08 20:29:00.685340
U141,U030,0,2026-01-26 20:29:00.685347
U141,U076,0,2026-03-27 20:29:00.685355
U141,U007,0,2026-05-12 20:29:00.685362
U141,U241,0,2025-08-05 20:29:00.685369
U141,U275,0,2025-07-20 20:29:00.685376
U141,U239,0,2025-09-26 20:29:00.685384
U141,U090,1,2025-11-18 20:29:00.685390
U141,U277,0,2025-10-05 20:29:00.685397
U141,U107,0,2026-02-10 20:29:00.685403
U141,U111,0,2025-10-08 20:29:00.685410
U141,U181,0,2026-06-05 20:29:00.685418
U141,U242,0,2025-09-05 20:29:00.685425
U141,U153,1,2025-11-23 20:29:00.685431
U141,U229,1,2025-06-20 20:29:00.685438
U141,U248,0,2026-03-01 20:29:00.685445
U141,U260,0,2025-08-27 20:29:00.685452
U141,U195,0,2025-12-01 20:29:00.685459
U141,U199,0,2025-10-21 20:29:00.685466
U141,U280,0,2026-02-07 20:29:00.685472
U142,U075,0,2026-02-21 20:29:00.685490
U142,U203,0,2026-03-16 20:29:00.685498
U142,U213,0,2025-08-07 20:29:00.685505
U142,U179,0,2025-09-22 20:29:00.685512
U142,U249,0,2025-06-28 20:29:00.685521
U142,U059,0,2025-06-24 20:29:00.685529
U142,U158,0,2025-11-24 20:29:00.685537
U142,U182,0,2025-07-30 20:29:00.685543
U142,U231,0,2026-01-20 20:29:00.685551
U142,U064,0,2025-12-13 20:29:00.685558
U142,U216,0,2026-01-12 20:29:00.685564
U142,U041,0,2026-02-14 20:29:00.685571
U142,U108,0,2025-09-30 20:29:00.685578
U142,U181,0,2025-12-09 20:29:00.685584
U142,U096,1,2026-03-14 20:29:00.685591
U142,U071,0,2026-05-08 20:29:00.685598
U142,U282,0,2026-05-13 20:29:00.685605
U142,U230,0,2026-04-14 20:29:00.685611
U142,U248,0,2026-04-23 20:29:00.685618
U142,U294,1,2025-12-02 20:29:00.685625
U143,U281,0,2025-08-02 20:29:00.685643
U143,U029,0,2025-11-18 20:29:00.685651
U143,U040,0,2025-06-19 20:29:00.685658
U143,U219,0,2026-06-03 20:29:00.685665
U143,U024,0,2025-09-28 20:29:00.685672
U143,U181,0,2025-11-17 20:29:00.685680
U143,U228,0,2026-02-25 20:29:00.685688
U143,U093,0,2025-10-08 20:29:00.685695
U143,U283,0,2025-09-09 20:29:00.685702
U143,U250,1,2026-01-23 20:29:00.685709
U143,U284,0,2025-09-09 20:29:00.685716
U143,U221,1,2026-04-09 20:29:00.685723
U143,U051,0,2026-02-04 20:29:00.685729
U143,U198,0,2025-06-26 20:29:00.685737
U143,U220,0,2026-04-25 20:29:00.685744
U143,U112,0,2025-06-24 20:29:00.685751
U143,U015,0,2025-07-30 20:29:00.685761
U143,U199,0,2026-01-07 20:29:00.685769
U143,U290,0,2025-12-24 20:29:00.685776
U143,U203,0,2025-08-30 20:29:00.685783
U144,U187,1,2026-03-16 20:29:00.685799
U144,U224,0,2026-02-28 20:29:00.685807
U144,U023,1,2026-01-23 20:29:00.685815
U144,U195,0,2026-05-20 20:29:00.685824
U144,U098,1,2026-01-20 20:29:00.685830
U144,U068,0,2025-07-06 20:29:00.685837
U144,U234,0,2025-09-12 20:29:00.685845
U144,U110,0,2026-02-26 20:29:00.685851
U144,U114,1,2025-12-07 20:29:00.685858
U144,U054,0,2025-07-31 20:29:00.685865
U144,U245,0,2025-08-22 20:29:00.685872
U144,U051,1,2025-11-20 20:29:00.685879
U144,U118,0,2025-06-07 20:29:00.685885
U144,U149,0,2025-08-28 20:29:00.685892
U144,U255,1,2025-09-07 20:29:00.685900
U144,U285,1,2025-12-24 20:29:00.685906
U144,U210,0,2026-06-01 20:29:00.685913
U144,U287,0,2026-05-21 20:29:00.685920
U144,U166,1,2025-11-23 20:29:00.685927
U144,U018,1,2025-07-03 20:29:00.685934
U145,U006,1,2026-05-20 20:29:00.685951
U145,U078,0,2025-07-23 20:29:00.685958
U145,U134,1,2026-04-29 20:29:00.685966
U145,U132,1,2026-01-09 20:29:00.685972
U145,U091,0,2025-12-29 20:29:00.685980
U145,U222,0,2025-06-22 20:29:00.685987
U145,U289,0,2026-02-20 20:29:00.685994
U145,U019,1,2025-08-07 20:29:00.686001
U145,U120,0,2025-07-12 20:29:00.686011
U145,U043,0,2026-01-31 20:29:00.686018
U145,U286,0,2025-12-02 20:29:00.686024
U145,U272,0,2025-11-27 20:29:00.686033
U145,U013,1,2025-10-23 20:29:00.686039
U145,U288,0,2025-12-19 20:29:00.686046
U145,U230,1,2025-08-27 20:29:00.686052
U145,U290,0,2025-09-28 20:29:00.686059
U145,U050,0,2026-04-06 20:29:00.686068
U145,U133,0,2026-01-07 20:29:00.686075
U145,U242,0,2026-02-19 20:29:00.686081
U145,U116,0,2025-09-23 20:29:00.686088
U146,U177,0,2025-06-25 20:29:00.686105
U146,U293,0,2025-06-22 20:29:00.686113
U146,U020,1,2026-02-22 20:29:00.686121
U146,U126,0,2026-04-27 20:29:00.686128
U146,U147,1,2025-07-21 20:29:00.686135
U146,U008,0,2025-09-01 20:29:00.686142
U146,U037,1,2025-11-08 20:29:00.686150
U146,U188,0,2026-03-16 20:29:00.686156
U146,U024,1,2026-03-23 20:29:00.686163
U146,U243,0,2026-02-15 20:29:00.686170
U146,U217,0,2025-12-11 20:29:00.686178
U146,U274,1,2026-04-12 20:29:00.686184
U146,U148,0,2026-05-31 20:29:00.686191
U146,U219,0,2026-03-04 20:29:00.686197
U146,U192,0,2025-11-14 20:29:00.686204
U146,U206,0,2026-05-16 20:29:00.686210
U146,U150,0,2026-02-16 20:29:00.686216
U146,U085,0,2026-05-11 20:29:00.686223
U146,U257,1,2025-09-15 20:29:00.686230
U146,U149,1,2025-08-16 20:29:00.686239
U147,U151,1,2026-01-24 20:29:00.686256
U147,U036,0,2026-02-24 20:29:00.686264
U147,U267,0,2026-03-08 20:29:00.686271
U147,U240,1,2025-09-04 20:29:00.686278
U147,U287,0,2025-08-26 20:29:00.686285
U147,U156,1,2026-02-19 20:29:00.686292
U147,U176,1,2025-12-17 20:29:00.686299
U147,U271,0,2026-04-13 20:29:00.686308
U147,U180,0,2026-05-23 20:29:00.686315
U147,U265,0,2025-08-29 20:29:00.686322
U147,U244,0,2026-01-07 20:29:00.686330
U147,U252,1,2026-03-11 20:29:00.686337
U147,U026,0,2026-03-13 20:29:00.686344
U147,U041,0,2025-09-24 20:29:00.686351
U147,U053,1,2026-03-02 20:29:00.686358
U147,U136,0,2025-12-26 20:29:00.686365
U147,U250,0,2026-05-20 20:29:00.686372
U147,U146,0,2025-06-22 20:29:00.686379
U147,U112,0,2025-12-26 20:29:00.686386
U147,U106,0,2025-12-03 20:29:00.686393
U148,U255,1,2026-01-24 20:29:00.686410
U148,U210,1,2026-01-21 20:29:00.686418
U148,U064,1,2025-07-12 20:29:00.686425
U148,U005,0,2026-02-13 20:29:00.686432
U148,U163,0,2025-06-06 20:29:00.686439
U148,U223,0,2026-03-19 20:29:00.686445
U148,U081,0,2026-03-22 20:29:00.686452
U148,U097,0,2025-06-12 20:29:00.686459
U148,U069,1,2025-10-24 20:29:00.686466
U148,U119,1,2025-06-14 20:29:00.686473
U148,U230,0,2026-04-12 20:29:00.686479
U148,U270,1,2026-01-06 20:29:00.686488
U148,U275,0,2026-02-19 20:29:00.686495
U148,U131,0,2026-04-15 20:29:00.686501
U148,U063,1,2026-04-09 20:29:00.686508
U148,U046,0,2026-03-18 20:29:00.686515
U148,U198,0,2025-12-09 20:29:00.686521
U148,U197,0,2025-06-30 20:29:00.686528
U148,U101,0,2026-04-23 20:29:00.686535
U148,U129,0,2026-05-27 20:29:00.686542
U149,U138,0,2026-03-15 20:29:00.686558
U149,U189,0,2025-12-18 20:29:00.686565
U149,U292,0,2026-05-01 20:29:00.686572
U149,U208,0,2025-06-10 20:29:00.686579
U149,U101,0,2025-12-19 20:29:00.686586
U149,U015,0,2025-09-11 20:29:00.686593
U149,U130,0,2026-02-01 20:29:00.686600
U149,U134,1,2025-12-06 20:29:00.686606
U149,U109,0,2026-02-01 20:29:00.686613
U149,U077,0,2025-10-10 20:29:00.686620
U149,U025,0,2025-09-09 20:29:00.686627
U149,U112,0,2026-04-08 20:29:00.686633
U149,U209,0,2026-05-21 20:29:00.686640
U149,U086,0,2025-07-26 20:29:00.686647
U149,U022,0,2026-06-01 20:29:00.686654
U149,U144,0,2025-11-26 20:29:00.686660
U149,U240,0,2025-10-06 20:29:00.686667
U149,U295,1,2026-03-14 20:29:00.686674
U149,U071,0,2026-03-09 20:29:00.686681
U149,U251,1,2025-07-06 20:29:00.686687
U150,U095,1,2025-09-04 20:29:00.686705
U150,U161,0,2026-03-09 20:29:00.686715
U150,U002,1,2026-02-11 20:29:00.686723
U150,U129,0,2025-10-04 20:29:00.686732
U150,U225,0,2025-11-02 20:29:00.686740
U150,U203,0,2025-06-08 20:29:00.686746
U150,U280,0,2026-05-08 20:29:00.686753
U150,U039,0,2025-12-27 20:29:00.686760
U150,U107,0,2025-09-26 20:29:00.686768
U150,U296,0,2025-10-26 20:29:00.686781
U150,U043,0,2025-09-08 20:29:00.686787
U150,U283,0,2025-08-01 20:29:00.686795
U150,U208,0,2026-05-12 20:29:00.686802
U150,U149,0,2026-05-27 20:29:00.686809
U150,U209,0,2025-09-01 20:29:00.686815
U150,U175,0,2026-04-11 20:29:00.686823
U150,U011,0,2025-09-02 20:29:00.686830
U150,U165,0,2025-10-16 20:29:00.686837
U150,U166,0,2026-01-15 20:29:00.686844
U151,U154,0,2025-08-25 20:29:00.686863
U151,U209,0,2026-03-28 20:29:00.686871
U151,U231,0,2025-11-23 20:29:00.686878
U151,U103,1,2026-03-02 20:29:00.686885
U151,U152,0,2026-01-11 20:29:00.686893
U151,U271,0,2026-05-19 20:29:00.686899
U151,U139,0,2026-03-23 20:29:00.686907
U151,U173,0,2025-07-15 20:29:00.686913
U151,U182,1,2026-02-05 20:29:00.686920
U151,U290,1,2025-08-11 20:29:00.686928
U151,U083,0,2026-05-27 20:29:00.686935
U151,U279,0,2025-07-19 20:29:00.686942
U151,U007,1,2025-10-24 20:29:00.686950
U151,U026,0,2026-02-28 20:29:00.686957
U151,U184,0,2025-11-17 20:29:00.686964
U151,U040,0,2025-08-14 20:29:00.686971
U151,U063,0,2026-01-30 20:29:00.686980
U151,U095,1,2026-02-28 20:29:00.686987
U151,U120,0,2026-03-10 20:29:00.686995
U152,U277,0,2025-08-05 20:29:00.687012
U152,U235,0,2025-12-12 20:29:00.687020
U152,U011,0,2026-01-07 20:29:00.687027
U152,U014,0,2026-04-11 20:29:00.687034
U152,U300,1,2025-11-19 20:29:00.687041
U152,U203,0,2025-11-24 20:29:00.687047
U152,U054,0,2025-08-31 20:29:00.687055
U152,U119,0,2025-06-19 20:29:00.687063
U152,U227,0,2026-05-05 20:29:00.687070
U152,U048,1,2025-06-24 20:29:00.687077
U152,U155,0,2026-04-18 20:29:00.687083
U152,U215,1,2025-10-09 20:29:00.687091
U152,U156,0,2026-03-08 20:29:00.687097
U152,U030,0,2026-05-28 20:29:00.687104
U152,U008,0,2025-12-05 20:29:00.687112
U152,U043,0,2026-03-02 20:29:00.687126
U152,U129,0,2025-12-11 20:29:00.687134
U152,U140,0,2026-05-29 20:29:00.687141
U152,U173,0,2025-09-17 20:29:00.687148
U153,U200,0,2025-11-03 20:29:00.687164
U153,U202,0,2025-06-19 20:29:00.687171
U153,U261,0,2026-05-06 20:29:00.687178
U153,U087,0,2026-01-02 20:29:00.687185
U153,U137,0,2025-09-06 20:29:00.687191
U153,U185,0,2025-12-27 20:29:00.687198
U153,U223,0,2025-09-15 20:29:00.687205
U153,U176,0,2026-05-31 20:29:00.687211
U153,U226,0,2025-06-23 20:29:00.687218
U153,U113,0,2025-09-26 20:29:00.687226
U153,U265,0,2026-06-04 20:29:00.687233
U153,U010,0,2026-01-30 20:29:00.687240
U153,U283,0,2025-09-18 20:29:00.687247
U153,U218,0,2025-08-08 20:29:00.687254
U153,U180,0,2025-09-28 20:29:00.687260
U153,U188,0,2025-06-25 20:29:00.687267
U153,U254,0,2026-06-01 20:29:00.687273
U153,U191,0,2026-03-12 20:29:00.687283
U153,U236,0,2026-05-14 20:29:00.687290
U153,U040,0,2025-07-28 20:29:00.687296
U154,U069,0,2025-08-25 20:29:00.687313
U154,U093,0,2026-04-30 20:29:00.687320
U154,U230,1,2025-10-05 20:29:00.687327
U154,U099,0,2025-10-09 20:29:00.687334
U154,U097,0,2026-03-20 20:29:00.687342
U154,U056,0,2025-12-09 20:29:00.687349
U154,U001,0,2026-04-03 20:29:00.687356
U154,U183,0,2026-03-28 20:29:00.687363
U154,U131,0,2025-10-13 20:29:00.687370
U154,U014,0,2025-11-13 20:29:00.687379
U154,U096,0,2025-09-30 20:29:00.687387
U154,U132,0,2026-05-31 20:29:00.687394
U154,U077,0,2025-07-10 20:29:00.687401
U154,U167,0,2026-03-31 20:29:00.687409
U154,U065,0,2025-08-01 20:29:00.687416
U154,U015,0,2026-04-26 20:29:00.687423
U154,U110,0,2025-12-23 20:29:00.687430
U154,U286,0,2026-05-14 20:29:00.687436
U154,U126,0,2025-07-21 20:29:00.687443
U154,U182,0,2026-01-17 20:29:00.687450
U155,U264,1,2026-03-16 20:29:00.687466
U155,U274,0,2025-07-10 20:29:00.687476
U155,U073,1,2025-10-10 20:29:00.687483
U155,U270,0,2026-03-25 20:29:00.687490
U155,U088,0,2025-10-10 20:29:00.687496
U155,U145,0,2025-10-07 20:29:00.687503
U155,U281,1,2025-08-01 20:29:00.687510
U155,U028,0,2025-10-17 20:29:00.687517
U155,U077,1,2026-01-31 20:29:00.687524
U155,U041,0,2025-12-25 20:29:00.687530
U155,U149,1,2025-09-16 20:29:00.687537
U155,U022,0,2025-11-30 20:29:00.687543
U155,U249,0,2026-01-19 20:29:00.687550
U155,U195,0,2026-04-22 20:29:00.687557
U155,U137,0,2025-08-28 20:29:00.687563
U155,U101,1,2025-07-12 20:29:00.687570
U155,U203,0,2026-02-02 20:29:00.687577
U155,U289,1,2026-02-23 20:29:00.687584
U155,U177,0,2025-06-30 20:29:00.687591
U155,U014,1,2025-12-13 20:29:00.687598
U156,U070,0,2025-06-22 20:29:00.687615
U156,U067,1,2025-11-24 20:29:00.687623
U156,U050,0,2026-04-25 20:29:00.687630
U156,U040,0,2025-07-03 20:29:00.687638
U156,U243,0,2025-11-27 20:29:00.687645
U156,U134,1,2026-04-20 20:29:00.687652
U156,U003,0,2025-08-13 20:29:00.687659
U156,U041,0,2025-11-03 20:29:00.687666
U156,U279,0,2026-03-31 20:29:00.687674
U156,U030,0,2025-10-03 20:29:00.687681
U156,U182,0,2025-12-25 20:29:00.687687
U156,U270,1,2025-08-05 20:29:00.687694
U156,U029,1,2025-11-29 20:29:00.687700
U156,U196,0,2026-03-17 20:29:00.687709
U156,U286,0,2025-10-10 20:29:00.687716
U156,U174,0,2026-05-17 20:29:00.687723
U156,U078,0,2026-03-04 20:29:00.687730
U156,U290,0,2025-10-08 20:29:00.687737
U156,U032,0,2026-01-29 20:29:00.687744
U156,U045,0,2026-02-06 20:29:00.687751
U157,U210,0,2026-04-12 20:29:00.687768
U157,U244,0,2026-03-01 20:29:00.687775
U157,U253,0,2025-12-29 20:29:00.687782
U157,U096,0,2025-12-08 20:29:00.687789
U157,U160,0,2026-02-13 20:29:00.687798
U157,U091,1,2025-12-10 20:29:00.687805
U157,U068,0,2025-11-21 20:29:00.687812
U157,U283,0,2025-12-11 20:29:00.687818
U157,U080,1,2025-08-24 20:29:00.687826
U157,U178,1,2026-01-13 20:29:00.687833
U157,U247,0,2026-03-21 20:29:00.687840
U157,U010,0,2025-07-19 20:29:00.687847
U157,U129,1,2026-01-20 20:29:00.687854
U157,U182,0,2025-07-10 20:29:00.687861
U157,U284,0,2025-11-28 20:29:00.687867
U157,U225,1,2025-11-13 20:29:00.687874
U157,U249,1,2025-12-07 20:29:00.687880
U157,U148,0,2026-02-03 20:29:00.687887
U157,U061,1,2025-07-22 20:29:00.687893
U157,U113,0,2026-05-01 20:29:00.687900
U158,U025,1,2026-02-09 20:29:00.687918
U158,U265,0,2025-07-17 20:29:00.687927
U158,U279,0,2025-07-25 20:29:00.687934
U158,U089,0,2025-07-13 20:29:00.687941
U158,U298,0,2025-07-02 20:29:00.687949
U158,U038,1,2026-05-31 20:29:00.687958
U158,U119,0,2025-09-18 20:29:00.687965
U158,U046,0,2026-02-11 20:29:00.687973
U158,U008,0,2026-04-13 20:29:00.687980
U158,U041,0,2025-07-04 20:29:00.687986
U158,U118,0,2025-10-18 20:29:00.687993
U158,U248,0,2026-03-28 20:29:00.688000
U158,U125,0,2025-11-12 20:29:00.688007
U158,U206,0,2026-03-18 20:29:00.688016
U158,U281,0,2025-09-04 20:29:00.688023
U158,U268,0,2026-05-05 20:29:00.688030
U158,U103,0,2025-06-15 20:29:00.688037
U158,U055,0,2025-06-26 20:29:00.688045
U158,U028,0,2025-09-04 20:29:00.688052
U158,U188,1,2025-06-22 20:29:00.688059
U159,U299,1,2025-10-21 20:29:00.688075
U159,U062,0,2026-04-11 20:29:00.688083
U159,U078,1,2026-02-21 20:29:00.688091
U159,U074,0,2025-07-28 20:29:00.688098
U159,U220,0,2025-12-27 20:29:00.688104
U159,U029,0,2026-02-12 20:29:00.688111
U159,U008,0,2026-02-27 20:29:00.688118
U159,U193,1,2025-08-09 20:29:00.688125
U159,U191,1,2025-11-05 20:29:00.688132
U159,U045,0,2025-09-15 20:29:00.688139
U159,U284,0,2025-09-09 20:29:00.688146
U159,U289,1,2026-02-09 20:29:00.688153
U159,U212,1,2026-03-08 20:29:00.688159
U159,U190,0,2026-03-10 20:29:00.688166
U159,U068,1,2026-05-11 20:29:00.688173
U159,U121,1,2025-12-07 20:29:00.688179
U159,U059,0,2025-11-19 20:29:00.688188
U159,U116,0,2025-08-15 20:29:00.688195
U159,U047,0,2026-05-26 20:29:00.688202
U159,U176,1,2025-12-29 20:29:00.688209
U160,U196,0,2025-06-12 20:29:00.688226
U160,U202,0,2026-04-27 20:29:00.688234
U160,U207,0,2025-10-26 20:29:00.688241
U160,U170,0,2025-11-06 20:29:00.688248
U160,U020,0,2025-10-03 20:29:00.688258
U160,U102,1,2025-09-16 20:29:00.688265
U160,U239,0,2025-12-12 20:29:00.688272
U160,U292,0,2025-10-26 20:29:00.688280
U160,U016,1,2026-01-13 20:29:00.688287
U160,U212,0,2025-09-03 20:29:00.688293
U160,U029,0,2026-05-19 20:29:00.688300
U160,U265,1,2025-12-15 20:29:00.688307
U160,U153,0,2026-02-10 20:29:00.688314
U160,U120,1,2025-07-14 20:29:00.688321
U160,U177,0,2025-12-29 20:29:00.688329
U160,U234,1,2026-04-12 20:29:00.688335
U160,U262,0,2025-07-08 20:29:00.688342
U160,U283,0,2025-06-28 20:29:00.688349
U160,U085,1,2025-07-30 20:29:00.688356
U160,U084,1,2025-06-08 20:29:00.688363
U161,U083,0,2025-09-12 20:29:00.688380
U161,U266,1,2025-08-01 20:29:00.688389
U161,U036,0,2025-11-10 20:29:00.688396
U161,U143,0,2026-02-08 20:29:00.688404
U161,U264,0,2026-03-03 20:29:00.688411
U161,U255,1,2026-01-23 20:29:00.688418
U161,U079,0,2025-09-27 20:29:00.688425
U161,U142,0,2026-03-01 20:29:00.688432
U161,U064,0,2025-12-15 20:29:00.688442
U161,U132,0,2026-03-13 20:29:00.688449
U161,U294,1,2025-12-10 20:29:00.688456
U161,U053,1,2025-06-23 20:29:00.688463
U161,U289,0,2025-11-23 20:29:00.688470
U161,U176,0,2025-11-05 20:29:00.688476
U161,U232,1,2025-07-09 20:29:00.688483
U161,U178,1,2025-12-26 20:29:00.688490
U161,U226,0,2026-03-15 20:29:00.688498
U161,U088,0,2025-12-09 20:29:00.688505
U161,U300,0,2025-11-23 20:29:00.688512
U161,U139,0,2026-05-12 20:29:00.688518
U162,U256,0,2025-09-03 20:29:00.688535
U162,U246,0,2025-10-27 20:29:00.688543
U162,U160,1,2025-09-17 20:29:00.688550
U162,U215,0,2026-04-17 20:29:00.688557
U162,U047,0,2025-07-30 20:29:00.688564
U162,U178,0,2026-04-07 20:29:00.688571
U162,U287,1,2026-01-23 20:29:00.688579
U162,U259,1,2026-01-18 20:29:00.688586
U162,U131,1,2025-11-10 20:29:00.688593
U162,U276,0,2026-02-10 20:29:00.688600
U162,U123,1,2025-12-20 20:29:00.688607
U162,U017,0,2025-07-23 20:29:00.688614
U162,U156,0,2026-01-31 20:29:00.688620
U162,U037,0,2026-03-13 20:29:00.688627
U162,U085,0,2026-03-20 20:29:00.688634
U162,U001,0,2026-04-10 20:29:00.688641
U162,U129,0,2026-04-03 20:29:00.688647
U162,U137,1,2025-08-05 20:29:00.688654
U162,U230,0,2026-05-20 20:29:00.688661
U162,U255,0,2026-03-29 20:29:00.688667
U163,U275,0,2026-01-27 20:29:00.688688
U163,U197,1,2026-03-16 20:29:00.688696
U163,U207,0,2026-02-15 20:29:00.688703
U163,U191,1,2026-05-19 20:29:00.688710
U163,U245,0,2025-11-21 20:29:00.688718
U163,U293,1,2025-06-25 20:29:00.688725
U163,U117,0,2026-03-27 20:29:00.688732
U163,U157,0,2025-08-31 20:29:00.688739
U163,U244,0,2026-06-01 20:29:00.688746
U163,U047,0,2025-08-21 20:29:00.688755
U163,U249,0,2026-03-29 20:29:00.688762
U163,U021,1,2026-01-29 20:29:00.688769
U163,U017,0,2026-02-14 20:29:00.688776
U163,U149,1,2025-11-20 20:29:00.688783
U163,U203,0,2026-01-26 20:29:00.688789
U163,U267,1,2026-05-22 20:29:00.688796
U163,U253,0,2025-07-18 20:29:00.688802
U163,U250,0,2025-10-12 20:29:00.688809
U163,U068,0,2026-01-09 20:29:00.688823
U163,U284,0,2026-03-29 20:29:00.688830
U164,U259,0,2025-08-21 20:29:00.688846
U164,U052,1,2025-12-02 20:29:00.688854
U164,U096,0,2026-04-10 20:29:00.688861
U164,U155,1,2025-07-28 20:29:00.688868
U164,U132,0,2025-11-05 20:29:00.688874
U164,U068,0,2025-07-17 20:29:00.688881
U164,U195,0,2026-03-20 20:29:00.688888
U164,U023,1,2026-04-27 20:29:00.688896
U164,U199,0,2025-08-25 20:29:00.688903
U164,U084,0,2025-11-18 20:29:00.688909
U164,U298,1,2026-01-12 20:29:00.688916
U164,U300,0,2026-05-04 20:29:00.688923
U164,U202,0,2026-01-17 20:29:00.688932
U164,U095,0,2025-08-12 20:29:00.688939
U164,U028,1,2025-12-09 20:29:00.688946
U164,U010,0,2026-01-30 20:29:00.688953
U164,U099,0,2025-12-08 20:29:00.688961
U164,U173,1,2026-05-05 20:29:00.688968
U164,U183,0,2025-11-02 20:29:00.688975
U164,U113,0,2026-03-06 20:29:00.688982
U165,U116,0,2025-10-17 20:29:00.688998
U165,U036,0,2025-11-18 20:29:00.689006
U165,U136,0,2025-11-06 20:29:00.689013
U165,U193,1,2025-08-09 20:29:00.689020
U165,U187,1,2025-06-29 20:29:00.689027
U165,U046,0,2025-08-11 20:29:00.689034
U165,U174,1,2025-08-22 20:29:00.689042
U165,U288,0,2025-09-24 20:29:00.689049
U165,U022,1,2025-10-19 20:29:00.689056
U165,U078,0,2026-01-25 20:29:00.689063
U165,U064,0,2025-08-11 20:29:00.689070
U165,U285,0,2025-08-13 20:29:00.689077
U165,U277,0,2025-11-22 20:29:00.689084
U165,U049,1,2025-06-27 20:29:00.689091
U165,U236,1,2025-06-23 20:29:00.689098
U165,U219,0,2025-10-08 20:29:00.689104
U165,U131,1,2025-10-29 20:29:00.689111
U165,U286,1,2025-06-22 20:29:00.689118
U165,U120,0,2025-08-25 20:29:00.689134
U165,U065,0,2026-04-23 20:29:00.689141
U166,U119,0,2025-11-12 20:29:00.689159
U166,U096,1,2025-10-07 20:29:00.689167
U166,U156,0,2025-07-06 20:29:00.689174
U166,U262,0,2026-02-02 20:29:00.689183
U166,U299,0,2025-09-25 20:29:00.689190
U166,U105,0,2025-08-03 20:29:00.689197
U166,U205,0,2025-10-01 20:29:00.689204
U166,U151,1,2026-04-02 20:29:00.689212
U166,U254,0,2026-05-22 20:29:00.689219
U166,U158,0,2026-04-25 20:29:00.689226
U166,U073,0,2025-10-29 20:29:00.689235
U166,U242,0,2025-07-10 20:29:00.689242
U166,U259,1,2026-04-14 20:29:00.689248
U166,U198,0,2026-01-16 20:29:00.689255
U166,U224,0,2026-04-12 20:29:00.689262
U166,U013,0,2025-12-15 20:29:00.689269
U166,U100,0,2026-05-04 20:29:00.689276
U166,U094,0,2026-04-11 20:29:00.689283
U166,U062,0,2026-03-30 20:29:00.689293
U166,U142,0,2026-05-26 20:29:00.689317
U167,U085,0,2026-02-11 20:29:00.689434
U167,U145,0,2026-04-25 20:29:00.689475
U167,U133,0,2025-11-25 20:29:00.689493
U167,U124,0,2025-09-12 20:29:00.689512
U167,U081,0,2025-10-31 20:29:00.689557
U167,U269,0,2025-06-25 20:29:00.689582
U167,U072,0,2026-03-29 20:29:00.689594
U167,U016,0,2025-08-18 20:29:00.689606
U167,U247,1,2026-03-05 20:29:00.689617
U167,U265,1,2026-05-10 20:29:00.689625
U167,U267,0,2025-10-28 20:29:00.689632
U167,U271,0,2026-02-02 20:29:00.689640
U167,U027,1,2026-04-18 20:29:00.689647
U167,U241,0,2026-02-07 20:29:00.689655
U167,U141,0,2026-02-23 20:29:00.689662
U167,U229,0,2026-05-20 20:29:00.689672
U167,U024,0,2026-04-09 20:29:00.689679
U167,U125,0,2026-04-18 20:29:00.689686
U167,U282,0,2026-03-31 20:29:00.689693
U167,U035,0,2025-09-11 20:29:00.689700
U168,U078,0,2026-01-24 20:29:00.689723
U168,U016,0,2026-02-06 20:29:00.689731
U168,U142,1,2025-06-09 20:29:00.689738
U168,U148,0,2026-03-15 20:29:00.689746
U168,U215,0,2026-02-01 20:29:00.689753
U168,U098,0,2026-03-21 20:29:00.689760
U168,U053,0,2026-06-05 20:29:00.689767
U168,U114,0,2025-10-03 20:29:00.689774
U168,U140,0,2025-12-31 20:29:00.689780
U168,U271,0,2025-07-30 20:29:00.689787
U168,U182,1,2025-09-21 20:29:00.689794
U168,U093,0,2026-04-06 20:29:00.689801
U168,U175,0,2025-07-30 20:29:00.689809
U168,U120,1,2025-11-09 20:29:00.689816
U168,U126,1,2025-08-04 20:29:00.689823
U168,U204,1,2025-09-29 20:29:00.689830
U168,U191,0,2026-01-15 20:29:00.689838
U168,U266,0,2026-05-18 20:29:00.689845
U168,U033,0,2026-03-01 20:29:00.689852
U168,U160,0,2025-11-13 20:29:00.689859
U169,U029,0,2026-05-12 20:29:00.689877
U169,U082,0,2026-05-28 20:29:00.689886
U169,U158,0,2026-04-13 20:29:00.689893
U169,U176,0,2025-10-01 20:29:00.689900
U169,U281,0,2026-01-25 20:29:00.689907
U169,U175,1,2026-03-09 20:29:00.689914
U169,U300,0,2026-04-17 20:29:00.689920
U169,U116,0,2025-10-01 20:29:00.689929
U169,U076,0,2025-10-06 20:29:00.689937
U169,U219,0,2025-06-23 20:29:00.689943
U169,U137,0,2025-07-18 20:29:00.689951
U169,U168,0,2025-11-18 20:29:00.689957
U169,U285,0,2025-12-31 20:29:00.689964
U169,U135,0,2026-05-24 20:29:00.689970
U169,U038,0,2025-08-16 20:29:00.689976
U169,U089,0,2025-08-03 20:29:00.689983
U169,U189,0,2026-01-12 20:29:00.689990
U169,U145,0,2026-03-27 20:29:00.689997
U169,U223,0,2025-11-23 20:29:00.690005
U169,U054,1,2025-09-27 20:29:00.690012
U170,U258,0,2026-01-17 20:29:00.690029
U170,U244,0,2026-03-12 20:29:00.690037
U170,U255,0,2026-05-07 20:29:00.690044
U170,U206,0,2025-08-16 20:29:00.690051
U170,U271,0,2025-12-16 20:29:00.690058
U170,U143,0,2025-08-31 20:29:00.690065
U170,U001,1,2026-02-18 20:29:00.690072
U170,U300,1,2026-04-11 20:29:00.690079
U170,U123,0,2025-08-22 20:29:00.690086
U170,U107,1,2026-05-25 20:29:00.690093
U170,U225,1,2025-11-20 20:29:00.690099
U170,U042,1,2026-01-26 20:29:00.690106
U170,U080,1,2026-04-26 20:29:00.690113
U170,U018,1,2026-05-06 20:29:00.690120
U170,U165,1,2025-07-08 20:29:00.690126
U170,U034,0,2025-08-21 20:29:00.690133
U170,U272,0,2025-07-12 20:29:00.690140
U170,U137,0,2025-07-31 20:29:00.690148
U170,U104,1,2025-08-01 20:29:00.690155
U170,U101,0,2026-03-07 20:29:00.690164
U171,U064,0,2025-07-18 20:29:00.690183
U171,U209,0,2026-06-02 20:29:00.690191
U171,U014,0,2026-01-25 20:29:00.690198
U171,U264,0,2026-05-03 20:29:00.690205
U171,U032,0,2025-06-28 20:29:00.690212
U171,U125,1,2026-03-09 20:29:00.690219
U171,U109,0,2025-06-23 20:29:00.690226
U171,U277,0,2026-05-30 20:29:00.690233
U171,U200,0,2026-03-20 20:29:00.690240
U171,U101,0,2025-06-25 20:29:00.690247
U171,U061,1,2025-08-30 20:29:00.690254
U171,U010,1,2026-03-29 20:29:00.690261
U171,U065,0,2025-09-07 20:29:00.690270
U171,U210,0,2025-08-03 20:29:00.690278
U171,U198,1,2026-03-10 20:29:00.690286
U171,U220,0,2026-02-01 20:29:00.690293
U171,U194,0,2026-05-04 20:29:00.690300
U171,U183,0,2025-09-15 20:29:00.690307
U171,U082,0,2026-02-09 20:29:00.690315
U171,U105,0,2026-04-04 20:29:00.690322
U172,U281,0,2025-08-31 20:29:00.690339
U172,U218,0,2025-11-30 20:29:00.690347
U172,U048,1,2025-07-03 20:29:00.690354
U172,U106,1,2026-04-19 20:29:00.690361
U172,U155,0,2026-05-06 20:29:00.690369
U172,U224,0,2025-08-14 20:29:00.690376
U172,U124,1,2026-01-08 20:29:00.690383
U172,U081,1,2026-03-15 20:29:00.690391
U172,U006,1,2026-03-19 20:29:00.690398
U172,U094,1,2026-01-22 20:29:00.690405
U172,U020,1,2026-04-26 20:29:00.690414
U172,U079,0,2025-09-20 20:29:00.690421
U172,U034,0,2025-09-01 20:29:00.690428
U172,U072,0,2025-07-05 20:29:00.690435
U172,U080,0,2025-09-09 20:29:00.690443
U172,U026,0,2026-05-22 20:29:00.690450
U172,U132,1,2026-01-20 20:29:00.690457
U172,U244,0,2025-11-14 20:29:00.690463
U172,U223,0,2026-02-16 20:29:00.690470
U172,U033,0,2026-04-11 20:29:00.690477
U173,U030,0,2026-03-12 20:29:00.690495
U173,U132,0,2026-02-07 20:29:00.690503
U173,U238,0,2025-07-22 20:29:00.690510
U173,U114,0,2025-11-17 20:29:00.690518
U173,U070,0,2026-01-29 20:29:00.690526
U173,U212,0,2025-06-27 20:29:00.690533
U173,U159,0,2026-04-19 20:29:00.690540
U173,U285,1,2025-11-17 20:29:00.690547
U173,U284,1,2025-10-11 20:29:00.690554
U173,U120,0,2025-12-24 20:29:00.690562
U173,U116,0,2025-07-15 20:29:00.690569
U173,U085,0,2025-10-28 20:29:00.690576
U173,U263,1,2026-04-12 20:29:00.690583
U173,U148,1,2025-12-09 20:29:00.690589
U173,U258,0,2025-07-09 20:29:00.690596
U173,U127,1,2025-09-10 20:29:00.690604
U173,U006,0,2025-07-12 20:29:00.690611
U173,U115,0,2026-05-23 20:29:00.690617
U173,U224,0,2025-12-01 20:29:00.690624
U173,U035,0,2025-11-27 20:29:00.690630
U174,U107,0,2026-03-02 20:29:00.690648
U174,U261,0,2025-11-02 20:29:00.690656
U174,U137,0,2025-08-27 20:29:00.690665
U174,U255,1,2026-01-24 20:29:00.690673
U174,U274,1,2025-12-25 20:29:00.690680
U174,U028,0,2025-09-10 20:29:00.690687
U174,U021,0,2026-05-19 20:29:00.690695
U174,U030,0,2025-12-02 20:29:00.690702
U174,U284,0,2026-03-24 20:29:00.690708
U174,U065,0,2025-06-12 20:29:00.690716
U174,U280,0,2025-11-19 20:29:00.690723
U174,U161,1,2026-05-09 20:29:00.690731
U174,U242,0,2026-01-31 20:29:00.690737
U174,U037,0,2026-05-13 20:29:00.690745
U174,U179,0,2025-12-30 20:29:00.690752
U174,U299,0,2026-04-07 20:29:00.690760
U174,U272,1,2026-02-11 20:29:00.690767
U174,U099,0,2026-02-13 20:29:00.690774
U174,U077,1,2025-07-22 20:29:00.690781
U174,U201,0,2026-05-23 20:29:00.690788
U175,U002,0,2025-06-17 20:29:00.690806
U175,U107,0,2025-09-12 20:29:00.690813
U175,U295,0,2025-08-28 20:29:00.690821
U175,U152,0,2026-03-10 20:29:00.690828
U175,U155,0,2025-10-12 20:29:00.690836
U175,U218,0,2025-06-12 20:29:00.690843
U175,U251,1,2025-07-22 20:29:00.690851
U175,U259,0,2026-01-19 20:29:00.690858
U175,U243,0,2026-05-04 20:29:00.690865
U175,U221,0,2026-03-17 20:29:00.690872
U175,U242,0,2025-07-09 20:29:00.690879
U175,U282,0,2025-08-21 20:29:00.690886
U175,U275,0,2026-02-02 20:29:00.690893
U175,U194,0,2025-08-08 20:29:00.690901
U175,U238,0,2025-10-13 20:29:00.690910
U175,U201,1,2025-09-22 20:29:00.690916
U175,U199,0,2025-12-10 20:29:00.690924
U175,U160,0,2025-07-29 20:29:00.690931
U175,U027,0,2026-05-03 20:29:00.690939
U175,U158,0,2025-09-20 20:29:00.690946
U176,U141,0,2025-06-25 20:29:00.690964
U176,U106,1,2025-11-14 20:29:00.690971
U176,U051,1,2025-10-10 20:29:00.690979
U176,U270,0,2025-06-15 20:29:00.690985
U176,U022,1,2026-02-15 20:29:00.690991
U176,U044,1,2026-02-14 20:29:00.691000
U176,U230,0,2026-01-02 20:29:00.691007
U176,U096,0,2026-02-04 20:29:00.691014
U176,U228,0,2025-11-10 20:29:00.691021
U176,U248,1,2026-01-13 20:29:00.691028
U176,U018,1,2026-05-16 20:29:00.691035
U176,U245,0,2025-12-05 20:29:00.691042
U176,U070,0,2026-06-01 20:29:00.691049
U176,U041,0,2026-04-04 20:29:00.691056
U176,U208,1,2026-02-20 20:29:00.691063
U176,U116,0,2025-09-07 20:29:00.691070
U176,U003,0,2025-11-09 20:29:00.691077
U176,U263,1,2025-11-26 20:29:00.691084
U176,U007,0,2025-07-15 20:29:00.691091
U176,U132,0,2025-06-20 20:29:00.691097
U177,U064,1,2025-07-01 20:29:00.691116
U177,U073,0,2026-05-19 20:29:00.691134
U177,U113,0,2025-12-06 20:29:00.691143
U177,U055,1,2025-09-20 20:29:00.691151
U177,U006,1,2025-08-20 20:29:00.691159
U177,U185,1,2025-10-24 20:29:00.691167
U177,U155,1,2025-09-02 20:29:00.691175
U177,U025,1,2025-10-06 20:29:00.691183
U177,U126,0,2025-10-10 20:29:00.691190
U177,U209,1,2025-07-04 20:29:00.691197
U177,U074,0,2026-03-29 20:29:00.691204
U177,U020,1,2025-08-13 20:29:00.691211
U177,U159,0,2025-08-18 20:29:00.691218
U177,U007,1,2025-06-08 20:29:00.691226
U177,U244,0,2025-11-17 20:29:00.691233
U177,U029,0,2026-03-31 20:29:00.691239
U177,U085,0,2025-08-07 20:29:00.691246
U177,U148,0,2025-12-16 20:29:00.691253
U177,U187,0,2026-01-05 20:29:00.691260
U177,U290,1,2025-09-22 20:29:00.691267
U178,U216,1,2025-10-17 20:29:00.691284
U178,U238,0,2025-09-26 20:29:00.691292
U178,U235,0,2026-04-28 20:29:00.691300
U178,U117,1,2025-11-06 20:29:00.691307
U178,U189,0,2026-04-06 20:29:00.691313
U178,U111,0,2026-01-19 20:29:00.691321
U178,U121,0,2026-03-20 20:29:00.691327
U178,U175,1,2025-06-19 20:29:00.691335
U178,U250,0,2025-08-30 20:29:00.691342
U178,U274,0,2025-06-06 20:29:00.691349
U178,U034,1,2026-04-08 20:29:00.691356
U178,U264,0,2025-10-27 20:29:00.691363
U178,U202,0,2026-03-12 20:29:00.691369
U178,U033,1,2026-03-18 20:29:00.691376
U178,U129,1,2025-09-30 20:29:00.691383
U178,U212,0,2026-02-17 20:29:00.691390
U178,U088,0,2025-07-30 20:29:00.691396
U178,U205,0,2025-07-16 20:29:00.691405
U178,U233,1,2026-03-10 20:29:00.691413
U178,U055,0,2025-11-24 20:29:00.691420
U179,U282,0,2025-09-11 20:29:00.691438
U179,U263,0,2025-12-11 20:29:00.691446
U179,U268,1,2026-02-13 20:29:00.691453
U179,U230,1,2026-01-20 20:29:00.691460
U179,U134,1,2025-07-12 20:29:00.691467
U179,U108,1,2025-11-18 20:29:00.691474
U179,U229,1,2025-07-21 20:29:00.691483
U179,U172,0,2026-02-11 20:29:00.691491
U179,U168,0,2026-03-11 20:29:00.691498
U179,U226,0,2026-02-16 20:29:00.691506
U179,U037,0,2025-10-21 20:29:00.691513
U179,U273,0,2026-02-13 20:29:00.691520
U179,U216,1,2025-07-30 20:29:00.691526
U179,U176,1,2025-11-09 20:29:00.691534
U179,U006,1,2025-07-15 20:29:00.691541
U179,U278,1,2025-10-08 20:29:00.691547
U179,U054,0,2025-06-27 20:29:00.691555
U179,U205,0,2025-12-18 20:29:00.691561
U179,U055,0,2026-04-10 20:29:00.691568
U179,U255,0,2025-07-17 20:29:00.691575
U180,U166,0,2025-12-08 20:29:00.691592
U180,U019,0,2026-03-19 20:29:00.691602
U180,U141,0,2025-08-07 20:29:00.691609
U180,U177,1,2025-12-11 20:29:00.691617
U180,U147,1,2026-03-09 20:29:00.691624
U180,U220,0,2026-01-15 20:29:00.691631
U180,U108,0,2026-04-07 20:29:00.691638
U180,U196,0,2025-07-10 20:29:00.691645
U180,U259,0,2025-10-16 20:29:00.691652
U180,U262,0,2025-12-08 20:29:00.691661
U180,U131,0,2026-01-09 20:29:00.691668
U180,U158,0,2025-11-03 20:29:00.691675
U180,U236,1,2025-09-14 20:29:00.691683
U180,U192,0,2025-10-14 20:29:00.691690
U180,U017,1,2026-03-18 20:29:00.691697
U180,U200,0,2025-10-10 20:29:00.691704
U180,U171,0,2025-07-10 20:29:00.691710
U180,U034,0,2025-06-08 20:29:00.691717
U180,U163,1,2026-03-02 20:29:00.691725
U180,U139,0,2025-12-02 20:29:00.691732
U181,U232,1,2025-08-18 20:29:00.691748
U181,U135,0,2025-07-12 20:29:00.691756
U181,U106,0,2026-02-08 20:29:00.691763
U181,U206,0,2026-04-19 20:29:00.691771
U181,U152,1,2025-09-22 20:29:00.691777
U181,U259,1,2025-12-07 20:29:00.691785
U181,U247,0,2025-12-02 20:29:00.691792
U181,U149,0,2026-03-25 20:29:00.691799
U181,U192,0,2025-07-29 20:29:00.691806
U181,U159,0,2026-02-01 20:29:00.691813
U181,U207,1,2025-10-17 20:29:00.691820
U181,U234,0,2025-11-07 20:29:00.691827
U181,U002,0,2025-10-10 20:29:00.691834
U181,U139,0,2026-03-24 20:29:00.691841
U181,U219,0,2025-11-11 20:29:00.691847
U181,U267,0,2025-07-11 20:29:00.691854
U181,U104,1,2025-12-10 20:29:00.691862
U181,U185,0,2025-06-08 20:29:00.691868
U181,U009,0,2025-08-11 20:29:00.691876
U181,U248,0,2026-02-16 20:29:00.691883
U182,U215,0,2025-12-16 20:29:00.691900
U182,U265,1,2025-11-29 20:29:00.691909
U182,U187,0,2026-02-14 20:29:00.691917
U182,U043,1,2026-04-07 20:29:00.691924
U182,U100,0,2025-07-18 20:29:00.691932
U182,U238,0,2025-09-17 20:29:00.691938
U182,U172,0,2025-10-25 20:29:00.691945
U182,U138,0,2026-03-23 20:29:00.691952
U182,U079,1,2025-07-02 20:29:00.691959
U182,U030,0,2025-09-13 20:29:00.691966
U182,U277,0,2025-07-04 20:29:00.691973
U182,U147,0,2026-02-01 20:29:00.691981
U182,U022,0,2026-04-08 20:29:00.691988
U182,U214,0,2025-09-18 20:29:00.691995
U182,U156,1,2025-10-28 20:29:00.692002
U182,U186,1,2026-05-29 20:29:00.692009
U182,U217,0,2025-10-29 20:29:00.692015
U182,U155,0,2026-02-06 20:29:00.692022
U182,U113,0,2025-08-29 20:29:00.692029
U182,U118,0,2025-11-20 20:29:00.692036
U183,U115,0,2025-12-04 20:29:00.692053
U183,U103,1,2025-11-27 20:29:00.692060
U183,U262,0,2025-08-30 20:29:00.692067
U183,U058,0,2025-06-12 20:29:00.692075
U183,U051,0,2025-11-01 20:29:00.692083
U183,U231,1,2026-05-06 20:29:00.692090
U183,U079,0,2026-05-15 20:29:00.692097
U183,U221,1,2025-09-17 20:29:00.692105
U183,U038,0,2025-11-01 20:29:00.692112
U183,U214,0,2025-09-14 20:29:00.692119
U183,U224,0,2026-03-15 20:29:00.692126
U183,U165,0,2025-11-26 20:29:00.692133
U183,U010,0,2026-01-06 20:29:00.692140
U183,U007,0,2026-04-06 20:29:00.692149
U183,U064,0,2025-11-21 20:29:00.692157
U183,U292,0,2026-04-25 20:29:00.692164
U183,U157,0,2025-11-18 20:29:00.692171
U183,U040,1,2025-08-29 20:29:00.692179
U183,U100,1,2025-06-30 20:29:00.692185
U183,U249,0,2026-04-28 20:29:00.692192
U184,U219,0,2025-11-12 20:29:00.692209
U184,U141,0,2025-06-27 20:29:00.692217
U184,U215,0,2025-11-06 20:29:00.692225
U184,U195,0,2025-10-11 20:29:00.692231
U184,U255,0,2026-05-16 20:29:00.692238
U184,U075,0,2025-12-31 20:29:00.692247
U184,U210,0,2025-07-03 20:29:00.692255
U184,U220,0,2025-06-19 20:29:00.692261
U184,U224,1,2025-11-13 20:29:00.692268
U184,U029,0,2025-07-17 20:29:00.692275
U184,U016,0,2025-09-13 20:29:00.692290
U184,U242,0,2026-04-19 20:29:00.692297
U184,U250,0,2026-02-16 20:29:00.692304
U184,U209,0,2026-03-02 20:29:00.692310
U184,U132,0,2025-09-08 20:29:00.692317
U184,U073,1,2026-05-30 20:29:00.692324
U184,U057,1,2026-03-16 20:29:00.692332
U184,U233,0,2026-04-03 20:29:00.692339
U184,U272,1,2025-07-06 20:29:00.692346
U184,U175,1,2026-04-27 20:29:00.692353
U185,U017,0,2025-06-24 20:29:00.692371
U185,U290,0,2025-08-24 20:29:00.692379
U185,U112,1,2026-05-21 20:29:00.692386
U185,U220,0,2025-08-17 20:29:00.692393
U185,U204,0,2025-06-17 20:29:00.692401
U185,U133,0,2025-09-29 20:29:00.692409
U185,U223,0,2026-02-19 20:29:00.692416
U185,U201,1,2025-09-25 20:29:00.692422
U185,U028,1,2026-03-23 20:29:00.692430
U185,U045,0,2025-10-16 20:29:00.692437
U185,U207,0,2026-05-05 20:29:00.692444
U185,U044,0,2025-08-29 20:29:00.692451
U185,U129,0,2026-01-18 20:29:00.692458
U185,U009,1,2025-09-27 20:29:00.692467
U185,U199,0,2025-06-30 20:29:00.692475
U185,U073,0,2025-08-07 20:29:00.692482
U185,U001,0,2025-11-04 20:29:00.692489
U185,U264,0,2026-06-05 20:29:00.692496
U185,U193,0,2025-11-16 20:29:00.692504
U185,U127,0,2026-04-30 20:29:00.692511
U186,U241,1,2025-11-14 20:29:00.692528
U186,U035,0,2025-07-28 20:29:00.692536
U186,U102,0,2025-08-04 20:29:00.692544
U186,U063,1,2026-01-26 20:29:00.692552
U186,U008,0,2025-11-24 20:29:00.692559
U186,U165,0,2026-03-15 20:29:00.692566
U186,U072,0,2026-01-18 20:29:00.692573
U186,U018,0,2025-12-18 20:29:00.692580
U186,U120,1,2026-04-14 20:29:00.692587
U186,U060,0,2026-03-09 20:29:00.692594
U186,U109,0,2025-12-22 20:29:00.692601
U186,U300,0,2026-02-16 20:29:00.692608
U186,U176,0,2025-06-22 20:29:00.692614
U186,U047,0,2025-12-10 20:29:00.692622
U186,U039,0,2025-10-11 20:29:00.692628
U186,U038,1,2025-09-01 20:29:00.692635
U186,U287,0,2026-05-18 20:29:00.692645
U186,U217,1,2026-02-03 20:29:00.692651
U186,U188,0,2026-01-11 20:29:00.692658
U186,U037,1,2026-05-16 20:29:00.692665
U187,U058,1,2025-12-25 20:29:00.692681
U187,U093,0,2025-12-19 20:29:00.692688
U187,U114,0,2025-12-08 20:29:00.692695
U187,U039,0,2025-07-24 20:29:00.692702
U187,U015,0,2026-05-22 20:29:00.692709
U187,U179,0,2025-09-19 20:29:00.692716
U187,U123,0,2025-06-15 20:29:00.692723
U187,U227,0,2025-10-14 20:29:00.692729
U187,U095,0,2026-03-11 20:29:00.692736
U187,U223,1,2025-06-29 20:29:00.692742
U187,U084,0,2025-10-10 20:29:00.692749
U187,U034,0,2025-12-23 20:29:00.692755
U187,U177,0,2025-06-29 20:29:00.692762
U187,U066,0,2026-05-07 20:29:00.692768
U187,U260,0,2026-05-03 20:29:00.692775
U187,U230,1,2025-11-21 20:29:00.692782
U187,U222,0,2026-04-14 20:29:00.692788
U187,U064,0,2025-12-17 20:29:00.692795
U187,U157,1,2025-09-04 20:29:00.692802
U187,U274,0,2025-06-25 20:29:00.692808
U188,U237,0,2025-06-06 20:29:00.692824
U188,U210,0,2025-06-07 20:29:00.692831
U188,U203,0,2026-02-27 20:29:00.692838
U188,U118,0,2025-12-08 20:29:00.692844
U188,U146,0,2026-01-14 20:29:00.692851
U188,U223,0,2026-04-04 20:29:00.692857
U188,U193,0,2026-05-05 20:29:00.692864
U188,U090,0,2025-10-10 20:29:00.692871
U188,U259,1,2026-01-02 20:29:00.692879
U188,U245,1,2025-06-08 20:29:00.692888
U188,U247,0,2025-10-13 20:29:00.692895
U188,U126,0,2026-01-09 20:29:00.692903
U188,U289,0,2025-10-07 20:29:00.692910
U188,U239,0,2026-06-03 20:29:00.692918
U188,U028,0,2026-02-18 20:29:00.692925
U188,U202,0,2025-11-26 20:29:00.692932
U188,U057,0,2026-03-31 20:29:00.692939
U188,U168,0,2025-11-23 20:29:00.692948
U188,U103,0,2025-12-21 20:29:00.692955
U188,U204,0,2025-11-14 20:29:00.692962
U189,U245,0,2025-10-09 20:29:00.692980
U189,U269,1,2026-01-05 20:29:00.692988
U189,U092,0,2025-08-22 20:29:00.692996
U189,U142,0,2025-11-23 20:29:00.693003
U189,U044,0,2025-11-09 20:29:00.693010
U189,U089,0,2025-12-19 20:29:00.693017
U189,U206,0,2025-12-16 20:29:00.693024
U189,U265,0,2026-03-14 20:29:00.693031
U189,U239,1,2025-12-24 20:29:00.693038
U189,U024,1,2025-06-20 20:29:00.693045
U189,U204,0,2026-01-18 20:29:00.693051
U189,U124,1,2025-09-02 20:29:00.693059
U189,U162,0,2026-01-29 20:29:00.693066
U189,U074,0,2025-07-25 20:29:00.693073
U189,U229,0,2025-12-26 20:29:00.693080
U189,U219,0,2026-05-26 20:29:00.693087
U189,U160,0,2026-05-27 20:29:00.693094
U189,U268,1,2026-03-15 20:29:00.693100
U189,U300,0,2026-03-26 20:29:00.693107
U189,U276,0,2025-09-19 20:29:00.693114
U190,U014,0,2025-11-12 20:29:00.693140
U190,U258,0,2026-01-21 20:29:00.693148
U190,U238,0,2026-04-16 20:29:00.693155
U190,U006,0,2025-11-10 20:29:00.693162
U190,U120,0,2026-05-21 20:29:00.693169
U190,U044,0,2025-06-18 20:29:00.693175
U190,U241,0,2025-11-26 20:29:00.693182
U190,U255,1,2025-08-14 20:29:00.693189
U190,U107,0,2026-02-05 20:29:00.693195
U190,U009,1,2026-02-26 20:29:00.693202
U190,U153,1,2025-06-23 20:29:00.693209
U190,U129,0,2025-07-07 20:29:00.693216
U190,U226,0,2025-10-01 20:29:00.693223
U190,U024,0,2025-07-22 20:29:00.693229
U190,U026,0,2026-03-05 20:29:00.693236
U190,U196,0,2025-11-11 20:29:00.693243
U190,U081,1,2025-11-10 20:29:00.693250
U190,U297,0,2025-07-18 20:29:00.693257
U190,U064,0,2026-02-18 20:29:00.693263
U190,U112,0,2026-05-25 20:29:00.693270
U191,U132,0,2025-11-23 20:29:00.693288
U191,U051,0,2025-11-21 20:29:00.693296
U191,U154,0,2025-09-26 20:29:00.693304
U191,U053,0,2025-09-25 20:29:00.693311
U191,U171,1,2026-03-24 20:29:00.693318
U191,U114,0,2026-02-03 20:29:00.693325
U191,U027,0,2025-10-14 20:29:00.693332
U191,U111,0,2025-10-29 20:29:00.693340
U191,U217,0,2026-03-04 20:29:00.693346
U191,U255,0,2026-03-21 20:29:00.693353
U191,U025,0,2026-04-03 20:29:00.693361
U191,U194,0,2025-11-21 20:29:00.693370
U191,U173,0,2025-06-15 20:29:00.693377
U191,U207,0,2026-02-19 20:29:00.693384
U191,U269,1,2026-05-26 20:29:00.693392
U191,U219,0,2026-03-12 20:29:00.693399
U191,U019,0,2025-06-27 20:29:00.693407
U191,U186,0,2025-07-11 20:29:00.693414
U191,U193,1,2025-09-02 20:29:00.693421
U191,U040,1,2025-07-12 20:29:00.693430
U192,U159,0,2025-07-12 20:29:00.693447
U192,U274,0,2026-01-09 20:29:00.693455
U192,U208,0,2026-03-28 20:29:00.693462
U192,U139,1,2026-01-06 20:29:00.693468
U192,U126,0,2026-01-25 20:29:00.693475
U192,U097,0,2026-02-09 20:29:00.693483
U192,U195,0,2025-07-14 20:29:00.693490
U192,U055,0,2025-09-25 20:29:00.693497
U192,U090,0,2026-03-10 20:29:00.693503
U192,U176,0,2026-05-06 20:29:00.693510
U192,U132,0,2026-01-03 20:29:00.693517
U192,U048,1,2026-05-14 20:29:00.693524
U192,U189,0,2026-06-03 20:29:00.693530
U192,U092,0,2025-06-20 20:29:00.693537
U192,U067,1,2025-12-06 20:29:00.693544
U192,U190,0,2025-11-18 20:29:00.693550
U192,U229,0,2026-05-30 20:29:00.693559
U192,U016,1,2025-11-01 20:29:00.693566
U192,U136,0,2026-04-30 20:29:00.693573
U192,U059,0,2025-12-05 20:29:00.693580
U193,U117,0,2026-01-19 20:29:00.693596
U193,U028,1,2025-11-20 20:29:00.693604
U193,U061,0,2025-06-08 20:29:00.693611
U193,U208,0,2025-09-04 20:29:00.693620
U193,U254,0,2026-01-20 20:29:00.693627
U193,U134,0,2025-09-19 20:29:00.693634
U193,U153,0,2025-11-14 20:29:00.693641
U193,U113,0,2025-12-30 20:29:00.693648
U193,U066,1,2026-04-17 20:29:00.693654
U193,U082,0,2026-02-07 20:29:00.693661
U193,U235,0,2026-02-26 20:29:00.693668
U193,U019,0,2025-09-09 20:29:00.693675
U193,U091,0,2026-03-10 20:29:00.693683
U193,U180,1,2026-01-29 20:29:00.693689
U193,U299,0,2025-11-29 20:29:00.693697
U193,U168,0,2025-07-18 20:29:00.693703
U193,U001,0,2026-01-19 20:29:00.693710
U193,U178,0,2025-10-20 20:29:00.693717
U193,U090,0,2026-01-06 20:29:00.693724
U193,U295,1,2025-12-25 20:29:00.693730
U194,U018,1,2026-05-11 20:29:00.693746
U194,U208,1,2025-06-23 20:29:00.693753
U194,U025,0,2026-04-09 20:29:00.693760
U194,U174,0,2025-12-07 20:29:00.693767
U194,U230,0,2025-07-30 20:29:00.693774
U194,U010,1,2026-01-23 20:29:00.693781
U194,U252,0,2025-08-16 20:29:00.693788
U194,U149,0,2025-12-03 20:29:00.693795
U194,U153,0,2025-10-12 20:29:00.693801
U194,U064,1,2026-04-04 20:29:00.693809
U194,U297,1,2025-07-15 20:29:00.693816
U194,U197,1,2026-01-24 20:29:00.693823
U194,U107,0,2025-07-22 20:29:00.693830
U194,U133,0,2026-01-16 20:29:00.693837
U194,U145,0,2025-12-16 20:29:00.693844
U194,U037,0,2026-04-30 20:29:00.693853
U194,U172,0,2025-06-10 20:29:00.693860
U194,U263,0,2026-01-18 20:29:00.693867
U194,U123,0,2026-02-28 20:29:00.693874
U194,U110,0,2026-03-20 20:29:00.693880
U195,U007,0,2025-12-11 20:29:00.693897
U195,U248,0,2025-08-22 20:29:00.693905
U195,U010,0,2025-11-03 20:29:00.693912
U195,U297,0,2025-07-20 20:29:00.693919
U195,U184,0,2026-01-27 20:29:00.693926
U195,U044,0,2025-07-11 20:29:00.693932
U195,U178,0,2026-05-15 20:29:00.693942
U195,U175,0,2025-12-23 20:29:00.693949
U195,U128,1,2026-05-15 20:29:00.693956
U195,U282,0,2026-02-02 20:29:00.693963
U195,U251,1,2025-12-27 20:29:00.693970
U195,U236,1,2025-06-06 20:29:00.693977
U195,U118,0,2026-06-04 20:29:00.693984
U195,U090,1,2026-05-11 20:29:00.693991
U195,U206,0,2025-12-25 20:29:00.693997
U195,U207,0,2026-03-12 20:29:00.694004
U195,U255,0,2025-10-01 20:29:00.694011
U195,U013,0,2025-06-27 20:29:00.694017
U195,U020,0,2025-12-27 20:29:00.694024
U195,U054,0,2025-12-06 20:29:00.694032
U196,U081,0,2025-10-06 20:29:00.694048
U196,U131,1,2025-12-07 20:29:00.694056
U196,U232,0,2026-05-23 20:29:00.694063
U196,U002,0,2026-05-01 20:29:00.694070
U196,U142,1,2025-09-29 20:29:00.694078
U196,U138,0,2025-11-16 20:29:00.694085
U196,U228,0,2026-03-28 20:29:00.694092
U196,U106,1,2025-10-09 20:29:00.694101
U196,U140,1,2026-05-05 20:29:00.694108
U196,U023,0,2025-10-25 20:29:00.694116
U196,U105,0,2025-06-10 20:29:00.694123
U196,U151,0,2026-04-12 20:29:00.694131
U196,U076,1,2025-10-03 20:29:00.694139
U196,U213,0,2025-10-04 20:29:00.694146
U196,U013,1,2025-10-01 20:29:00.694152
U196,U271,0,2025-09-18 20:29:00.694159
U196,U189,0,2025-11-22 20:29:00.694166
U196,U136,0,2025-12-11 20:29:00.694173
U196,U184,1,2025-07-19 20:29:00.694180
U196,U173,0,2026-02-24 20:29:00.694187
U197,U221,0,2026-05-08 20:29:00.694207
U197,U287,1,2025-06-19 20:29:00.694215
U197,U174,0,2026-05-15 20:29:00.694223
U197,U084,0,2025-11-06 20:29:00.694230
U197,U155,1,2026-01-13 20:29:00.694237
U197,U268,1,2025-08-16 20:29:00.694244
U197,U028,1,2026-04-10 20:29:00.694251
U197,U283,0,2026-04-27 20:29:00.694258
U197,U243,0,2026-02-09 20:29:00.694265
U197,U150,1,2025-12-27 20:29:00.694273
U197,U196,0,2025-07-28 20:29:00.694280
U197,U202,0,2025-07-06 20:29:00.694287
U197,U054,0,2026-06-03 20:29:00.694294
U197,U237,1,2025-09-26 20:29:00.694301
U197,U298,0,2025-12-19 20:29:00.694308
U197,U192,0,2025-07-25 20:29:00.694314
U197,U263,0,2026-03-04 20:29:00.694321
U197,U101,1,2025-07-08 20:29:00.694328
U197,U210,0,2025-08-25 20:29:00.694337
U198,U226,1,2025-08-31 20:29:00.694355
U198,U273,0,2025-07-28 20:29:00.694362
U198,U184,0,2026-04-19 20:29:00.694369
U198,U106,0,2026-03-06 20:29:00.694377
U198,U261,0,2025-07-08 20:29:00.694384
U198,U193,0,2025-12-11 20:29:00.694391
U198,U183,1,2025-10-12 20:29:00.694398
U198,U293,1,2025-08-22 20:29:00.694405
U198,U214,1,2025-07-31 20:29:00.694412
U198,U128,0,2025-08-22 20:29:00.694421
U198,U213,0,2025-09-07 20:29:00.694429
U198,U212,0,2025-09-10 20:29:00.694436
U198,U247,0,2025-09-10 20:29:00.694443
U198,U216,1,2026-05-04 20:29:00.694450
U198,U156,1,2026-03-25 20:29:00.694457
U198,U295,1,2025-08-31 20:29:00.694464
U198,U079,0,2025-08-30 20:29:00.694471
U198,U271,0,2025-08-15 20:29:00.694478
U198,U167,0,2025-06-12 20:29:00.694485
U198,U244,1,2026-02-21 20:29:00.694493
U199,U261,0,2026-03-29 20:29:00.694510
U199,U098,0,2025-12-03 20:29:00.694517
U199,U020,1,2025-10-27 20:29:00.694525
U199,U187,0,2025-09-02 20:29:00.694532
U199,U211,0,2025-07-21 20:29:00.694539
U199,U072,0,2025-08-12 20:29:00.694546
U199,U189,1,2025-07-05 20:29:00.694553
U199,U016,0,2025-06-07 20:29:00.694560
U199,U205,0,2026-05-27 20:29:00.694567
U199,U266,0,2025-07-29 20:29:00.694575
U199,U249,0,2025-10-08 20:29:00.694581
U199,U103,0,2025-08-01 20:29:00.694590
U199,U227,1,2025-12-14 20:29:00.694598
U199,U106,1,2026-05-18 20:29:00.694605
U199,U292,1,2025-08-07 20:29:00.694612
U199,U036,0,2026-01-04 20:29:00.694619
U199,U136,1,2025-10-21 20:29:00.694626
U199,U195,0,2025-06-11 20:29:00.694633
U199,U117,0,2025-11-19 20:29:00.694640
U199,U001,0,2025-08-22 20:29:00.694646
U200,U140,1,2025-09-20 20:29:00.694663
U200,U258,0,2026-05-07 20:29:00.694671
U200,U168,1,2026-01-09 20:29:00.694679
U200,U032,0,2025-07-15 20:29:00.694686
U200,U115,0,2026-01-04 20:29:00.694693
U200,U145,0,2026-04-08 20:29:00.694700
U200,U053,0,2025-09-30 20:29:00.694707
U200,U291,0,2025-12-23 20:29:00.694713
U200,U045,0,2025-10-04 20:29:00.694721
U200,U107,0,2025-07-17 20:29:00.694727
U200,U231,0,2025-10-05 20:29:00.694734
U200,U290,1,2026-05-28 20:29:00.694741
U200,U105,1,2026-01-31 20:29:00.694748
U200,U181,0,2026-04-04 20:29:00.694756
U200,U083,0,2025-10-29 20:29:00.694762
U200,U224,0,2025-06-20 20:29:00.694769
U200,U078,0,2025-07-01 20:29:00.694776
U200,U217,0,2025-06-07 20:29:00.694783
U200,U216,0,2026-04-23 20:29:00.694790
U200,U287,0,2025-10-31 20:29:00.694797
U201,U260,0,2026-03-04 20:29:00.694814
U201,U104,0,2025-11-03 20:29:00.694821
U201,U062,0,2025-11-17 20:29:00.694828
U201,U133,0,2026-01-25 20:29:00.694838
U201,U175,1,2025-09-29 20:29:00.694845
U201,U177,1,2026-04-11 20:29:00.694853
U201,U129,0,2026-05-18 20:29:00.694860
U201,U051,0,2026-03-08 20:29:00.694867
U201,U143,1,2025-11-20 20:29:00.694874
U201,U296,0,2025-07-19 20:29:00.694881
U201,U137,0,2025-12-06 20:29:00.694888
U201,U236,1,2026-02-28 20:29:00.694895
U201,U041,0,2025-09-04 20:29:00.694902
U201,U084,0,2025-11-04 20:29:00.694908
U201,U219,1,2025-09-16 20:29:00.694916
U201,U080,0,2026-02-13 20:29:00.694923
U201,U056,0,2025-08-26 20:29:00.694930
U201,U266,0,2026-04-23 20:29:00.694939
U201,U224,0,2025-06-28 20:29:00.694946
U201,U091,0,2025-08-05 20:29:00.694954
U202,U239,0,2025-08-06 20:29:00.694971
U202,U203,0,2025-06-25 20:29:00.694979
U202,U037,0,2025-10-28 20:29:00.694986
U202,U253,0,2026-04-14 20:29:00.694993
U202,U175,0,2025-08-23 20:29:00.695000
U202,U191,1,2025-07-22 20:29:00.695007
U202,U023,0,2025-09-27 20:29:00.695014
U202,U011,0,2025-08-16 20:29:00.695021
U202,U052,0,2026-01-05 20:29:00.695028
U202,U110,0,2025-06-14 20:29:00.695035
U202,U009,0,2025-10-28 20:29:00.695042
U202,U160,0,2025-06-07 20:29:00.695049
U202,U024,0,2025-06-06 20:29:00.695055
U202,U118,0,2026-04-03 20:29:00.695062
U202,U236,0,2025-09-03 20:29:00.695069
U202,U095,0,2026-04-10 20:29:00.695077
U202,U120,0,2025-07-20 20:29:00.695084
U202,U225,1,2025-12-11 20:29:00.695091
U202,U087,1,2026-03-27 20:29:00.695098
U202,U058,1,2026-01-24 20:29:00.695105
U203,U177,0,2026-03-22 20:29:00.695121
U203,U073,1,2025-11-26 20:29:00.695129
U203,U135,0,2025-12-20 20:29:00.695135
U203,U077,0,2025-09-05 20:29:00.695150
U203,U089,0,2025-12-23 20:29:00.695158
U203,U277,0,2026-01-22 20:29:00.695165
U203,U075,0,2025-07-08 20:29:00.695172
U203,U010,0,2026-05-13 20:29:00.695179
U203,U216,0,2026-01-26 20:29:00.695185
U203,U092,0,2026-06-04 20:29:00.695192
U203,U184,0,2025-11-29 20:29:00.695199
U203,U034,0,2026-03-10 20:29:00.695206
U203,U218,0,2025-08-19 20:29:00.695212
U203,U038,0,2025-07-09 20:29:00.695219
U203,U220,1,2026-02-23 20:29:00.695226
U203,U197,0,2026-05-03 20:29:00.695232
U203,U156,0,2025-08-15 20:29:00.695238
U203,U022,0,2026-06-03 20:29:00.695245
U203,U149,0,2025-10-14 20:29:00.695251
U204,U070,0,2026-04-15 20:29:00.695269
U204,U164,0,2025-08-01 20:29:00.695276
U204,U190,0,2025-12-27 20:29:00.695283
U204,U112,0,2026-04-17 20:29:00.695290
U204,U097,0,2026-01-04 20:29:00.695297
U204,U086,0,2026-03-16 20:29:00.695304
U204,U269,0,2026-05-10 20:29:00.695311
U204,U165,0,2025-10-24 20:29:00.695320
U204,U278,0,2025-10-03 20:29:00.695327
U204,U089,0,2026-05-18 20:29:00.695334
U204,U103,0,2026-04-24 20:29:00.695341
U204,U167,1,2025-10-04 20:29:00.695348
U204,U019,0,2026-02-01 20:29:00.695355
U204,U083,0,2026-05-15 20:29:00.695362
U204,U095,0,2025-09-28 20:29:00.695368
U204,U196,0,2025-06-08 20:29:00.695375
U204,U273,0,2026-04-04 20:29:00.695382
U204,U206,0,2025-06-18 20:29:00.695388
U204,U127,0,2025-06-08 20:29:00.695395
U204,U219,0,2026-05-17 20:29:00.695404
U205,U023,0,2025-07-30 20:29:00.695428
U205,U222,1,2026-04-29 20:29:00.695438
U205,U155,0,2026-05-26 20:29:00.695450
U205,U050,0,2026-03-15 20:29:00.695460
U205,U129,0,2025-10-23 20:29:00.695470
U205,U025,0,2025-11-18 20:29:00.695481
U205,U204,0,2025-07-05 20:29:00.695489
U205,U225,0,2026-02-07 20:29:00.695633
U205,U287,0,2026-06-04 20:29:00.695692
U205,U127,1,2026-04-04 20:29:00.695714
U205,U114,0,2026-03-03 20:29:00.695724
U205,U250,0,2026-04-25 20:29:00.695736
U205,U188,0,2025-12-05 20:29:00.695747
U205,U118,1,2025-08-16 20:29:00.695756
U205,U192,0,2026-02-05 20:29:00.695770
U205,U009,0,2025-12-22 20:29:00.695782
U205,U164,0,2025-12-29 20:29:00.695793
U205,U261,1,2025-09-02 20:29:00.695822
U205,U111,1,2026-04-30 20:29:00.695839
U205,U228,0,2025-08-23 20:29:00.695857
U206,U294,0,2025-10-15 20:29:00.695890
U206,U115,1,2025-12-10 20:29:00.695902
U206,U202,0,2026-02-06 20:29:00.695913
U206,U150,0,2026-02-16 20:29:00.695924
U206,U085,0,2025-07-13 20:29:00.695935
U206,U139,0,2025-12-23 20:29:00.695945
U206,U260,1,2026-01-26 20:29:00.695954
U206,U073,0,2025-10-31 20:29:00.695964
U206,U034,1,2025-12-25 20:29:00.695973
U206,U274,1,2026-03-25 20:29:00.695982
U206,U020,1,2026-01-28 20:29:00.695992
U206,U069,0,2025-10-09 20:29:00.696001
U206,U169,0,2025-07-10 20:29:00.696010
U206,U001,0,2025-09-27 20:29:00.696019
U206,U249,0,2026-05-31 20:29:00.696028
U206,U072,0,2026-06-05 20:29:00.696038
U206,U009,0,2025-12-18 20:29:00.696047
U206,U089,0,2025-12-29 20:29:00.696057
U206,U074,0,2025-12-16 20:29:00.696066
U206,U240,1,2026-06-02 20:29:00.696075
U207,U120,1,2025-12-28 20:29:00.696101
U207,U255,1,2026-04-14 20:29:00.696111
U207,U233,0,2026-03-06 20:29:00.696120
U207,U156,0,2025-08-21 20:29:00.696129
U207,U102,0,2026-01-25 20:29:00.696139
U207,U205,0,2025-10-08 20:29:00.696149
U207,U224,0,2026-01-03 20:29:00.696157
U207,U245,1,2025-09-23 20:29:00.696167
U207,U117,1,2026-02-18 20:29:00.696176
U207,U211,1,2025-09-26 20:29:00.696186
U207,U096,0,2026-03-24 20:29:00.696195
U207,U218,0,2025-12-13 20:29:00.696208
U207,U157,1,2026-05-08 20:29:00.696216
U207,U061,1,2026-05-11 20:29:00.696224
U207,U235,0,2026-04-25 20:29:00.696233
U207,U105,0,2026-04-08 20:29:00.696242
U207,U057,0,2025-08-02 20:29:00.696254
U207,U144,0,2025-08-15 20:29:00.696263
U207,U062,0,2026-01-19 20:29:00.696272
U207,U272,0,2026-02-21 20:29:00.696281
U208,U262,1,2025-10-04 20:29:00.696305
U208,U004,1,2026-01-03 20:29:00.696314
U208,U099,0,2026-05-07 20:29:00.696327
U208,U266,1,2025-10-14 20:29:00.696337
U208,U127,0,2026-04-28 20:29:00.696346
U208,U125,0,2026-03-15 20:29:00.696355
U208,U148,0,2025-12-23 20:29:00.696364
U208,U233,0,2025-08-26 20:29:00.696373
U208,U071,0,2025-07-15 20:29:00.696383
U208,U135,1,2026-02-28 20:29:00.696392
U208,U171,1,2025-12-14 20:29:00.696401
U208,U260,1,2026-01-04 20:29:00.696409
U208,U256,0,2026-01-17 20:29:00.696418
U208,U190,1,2026-04-27 20:29:00.696427
U208,U279,0,2025-11-15 20:29:00.696436
U208,U265,0,2026-06-04 20:29:00.696445
U208,U172,1,2025-08-04 20:29:00.696455
U208,U150,0,2025-07-07 20:29:00.696466
U208,U157,0,2025-09-21 20:29:00.696476
U208,U102,0,2025-07-31 20:29:00.696486
U209,U242,0,2026-04-15 20:29:00.696510
U209,U061,0,2026-02-08 20:29:00.696520
U209,U156,0,2025-08-24 20:29:00.696530
U209,U282,1,2025-12-14 20:29:00.696543
U209,U152,0,2025-09-28 20:29:00.696554
U209,U225,1,2026-04-15 20:29:00.696565
U209,U109,0,2025-10-16 20:29:00.696576
U209,U255,0,2025-07-29 20:29:00.696586
U209,U084,0,2026-01-31 20:29:00.696597
U209,U215,1,2025-10-23 20:29:00.696609
U209,U054,0,2026-03-03 20:29:00.696622
U209,U241,1,2026-05-10 20:29:00.696632
U209,U253,0,2025-07-01 20:29:00.696641
U209,U085,0,2025-11-10 20:29:00.696652
U209,U139,1,2025-06-20 20:29:00.696661
U209,U041,0,2025-08-10 20:29:00.696671
U209,U178,0,2025-06-29 20:29:00.696681
U209,U133,0,2026-01-19 20:29:00.696694
U209,U249,0,2026-01-16 20:29:00.696704
U210,U073,0,2026-01-13 20:29:00.696733
U210,U005,1,2025-12-20 20:29:00.696743
U210,U144,0,2025-12-14 20:29:00.696753
U210,U017,0,2026-01-03 20:29:00.696764
U210,U160,0,2026-01-11 20:29:00.696775
U210,U266,0,2026-05-15 20:29:00.696811
U210,U173,0,2026-04-12 20:29:00.696826
U210,U097,0,2026-01-14 20:29:00.696838
U210,U233,0,2026-02-24 20:29:00.696849
U210,U111,0,2026-03-22 20:29:00.696860
U210,U117,0,2026-02-13 20:29:00.696871
U210,U069,0,2026-02-25 20:29:00.696880
U210,U110,1,2026-05-24 20:29:00.696887
U210,U060,0,2026-04-28 20:29:00.696896
U210,U190,0,2025-07-13 20:29:00.696903
U210,U282,1,2026-03-02 20:29:00.696914
U210,U203,0,2025-06-07 20:29:00.696922
U210,U247,0,2025-06-21 20:29:00.696930
U210,U093,0,2025-06-27 20:29:00.696942
U210,U225,0,2025-11-10 20:29:00.696953
U211,U206,0,2025-11-13 20:29:00.696984
U211,U003,1,2026-03-12 20:29:00.696994
U211,U165,1,2025-06-12 20:29:00.697022
U211,U137,1,2025-11-12 20:29:00.697039
U211,U288,0,2026-01-26 20:29:00.697049
U211,U292,0,2026-05-11 20:29:00.697057
U211,U202,0,2026-03-18 20:29:00.697065
U211,U203,0,2025-07-09 20:29:00.697072
U211,U199,0,2025-10-10 20:29:00.697080
U211,U240,0,2025-07-10 20:29:00.697087
U211,U082,1,2026-02-04 20:29:00.697096
U211,U170,0,2025-08-08 20:29:00.697108
U211,U110,0,2026-05-03 20:29:00.697115
U211,U102,0,2025-06-06 20:29:00.697123
U211,U016,1,2025-09-06 20:29:00.697130
U211,U034,0,2026-01-28 20:29:00.697138
U211,U076,0,2026-04-15 20:29:00.697145
U211,U071,0,2025-07-10 20:29:00.697153
U211,U006,0,2025-09-21 20:29:00.697261
U211,U283,1,2025-07-13 20:29:00.697274
U212,U247,1,2025-10-18 20:29:00.697309
U212,U061,0,2025-06-20 20:29:00.697317
U212,U133,1,2025-08-13 20:29:00.697325
U212,U289,0,2025-08-26 20:29:00.697332
U212,U282,0,2026-04-05 20:29:00.697339
U212,U001,0,2026-03-14 20:29:00.697346
U212,U110,0,2025-06-13 20:29:00.697353
U212,U092,0,2026-05-25 20:29:00.697364
U212,U182,1,2026-02-16 20:29:00.697371
U212,U041,0,2026-03-30 20:29:00.697379
U212,U264,0,2025-10-18 20:29:00.697386
U212,U016,0,2026-05-27 20:29:00.697393
U212,U017,0,2026-02-18 20:29:00.697400
U212,U148,0,2025-08-29 20:29:00.697407
U212,U108,0,2025-08-14 20:29:00.697414
U212,U227,0,2026-02-11 20:29:00.697421
U212,U234,0,2025-06-29 20:29:00.697428
U212,U050,0,2025-11-25 20:29:00.697435
U212,U199,0,2026-05-28 20:29:00.697442
U212,U143,0,2025-09-14 20:29:00.697450
U213,U190,0,2025-06-20 20:29:00.697468
U213,U231,0,2025-08-14 20:29:00.697477
U213,U073,0,2025-11-20 20:29:00.697484
U213,U031,0,2025-07-05 20:29:00.697491
U213,U140,0,2025-10-23 20:29:00.697498
U213,U211,1,2026-02-21 20:29:00.697504
U213,U245,1,2026-05-26 20:29:00.697512
U213,U066,0,2026-04-20 20:29:00.697519
U213,U163,0,2025-08-04 20:29:00.697525
U213,U184,1,2025-09-01 20:29:00.697532
U213,U222,0,2026-04-26 20:29:00.697539
U213,U023,0,2026-01-19 20:29:00.697546
U213,U074,0,2026-01-26 20:29:00.697553
U213,U069,1,2025-08-25 20:29:00.697559
U213,U148,1,2025-06-24 20:29:00.697566
U213,U180,0,2025-06-28 20:29:00.697573
U213,U173,0,2025-11-16 20:29:00.697579
U213,U044,0,2026-02-24 20:29:00.697586
U213,U161,1,2025-10-16 20:29:00.697594
U213,U181,0,2026-01-18 20:29:00.697603
U214,U212,0,2025-08-19 20:29:00.697620
U214,U059,1,2025-06-20 20:29:00.697631
U214,U180,0,2025-08-14 20:29:00.697638
U214,U074,0,2026-02-17 20:29:00.697645
U214,U047,1,2026-04-10 20:29:00.697653
U214,U239,0,2026-04-21 20:29:00.697661
U214,U186,0,2026-02-16 20:29:00.697671
U214,U092,1,2025-12-15 20:29:00.697682
U214,U158,0,2026-05-15 20:29:00.697692
U214,U274,0,2026-05-25 20:29:00.697703
U214,U231,1,2025-07-21 20:29:00.697712
U214,U044,0,2025-08-01 20:29:00.697719
U214,U244,1,2025-10-23 20:29:00.697732
U214,U183,0,2026-03-18 20:29:00.697743
U214,U099,0,2025-07-28 20:29:00.697754
U214,U164,0,2025-10-31 20:29:00.697764
U214,U107,0,2025-12-13 20:29:00.697774
U214,U017,1,2026-01-13 20:29:00.697781
U214,U146,0,2026-01-24 20:29:00.697788
U214,U292,0,2026-03-15 20:29:00.697795
U215,U140,1,2025-07-27 20:29:00.697815
U215,U145,1,2026-05-16 20:29:00.697823
U215,U069,0,2025-08-24 20:29:00.697831
U215,U261,0,2025-11-14 20:29:00.697839
U215,U147,0,2025-11-20 20:29:00.697845
U215,U217,1,2026-05-06 20:29:00.697852
U215,U055,0,2026-02-26 20:29:00.697860
U215,U195,0,2026-01-27 20:29:00.697867
U215,U222,0,2026-01-21 20:29:00.697874
U215,U011,0,2026-05-19 20:29:00.697881
U215,U268,0,2025-12-17 20:29:00.697888
U215,U119,0,2026-05-13 20:29:00.697898
U215,U266,0,2025-10-04 20:29:00.697906
U215,U241,1,2025-09-06 20:29:00.697913
U215,U210,0,2026-01-18 20:29:00.697920
U215,U176,0,2026-04-14 20:29:00.697927
U215,U187,0,2025-10-07 20:29:00.697934
U215,U154,0,2025-11-13 20:29:00.697942
U215,U175,1,2025-10-26 20:29:00.697949
U215,U018,0,2025-08-30 20:29:00.697956
U216,U104,0,2026-03-16 20:29:00.697974
U216,U107,1,2025-11-24 20:29:00.697982
U216,U293,1,2025-09-06 20:29:00.697989
U216,U257,1,2026-01-10 20:29:00.697997
U216,U177,0,2025-09-28 20:29:00.698004
U216,U019,0,2026-04-08 20:29:00.698012
U216,U051,0,2025-11-25 20:29:00.698018
U216,U148,0,2025-11-04 20:29:00.698025
U216,U046,0,2026-05-18 20:29:00.698032
U216,U061,0,2026-06-02 20:29:00.698039
U216,U103,1,2025-09-13 20:29:00.698045
U216,U251,0,2025-06-22 20:29:00.698053
U216,U155,0,2026-03-08 20:29:00.698060
U216,U070,0,2026-03-19 20:29:00.698066
U216,U193,0,2025-12-17 20:29:00.698074
U216,U240,1,2026-04-23 20:29:00.698080
U216,U128,1,2025-11-29 20:29:00.698087
U216,U270,1,2025-08-19 20:29:00.698094
U216,U136,0,2026-05-03 20:29:00.698101
U216,U286,0,2025-11-19 20:29:00.698108
U217,U253,0,2025-12-24 20:29:00.698126
U217,U227,0,2026-01-09 20:29:00.698133
U217,U282,1,2025-12-30 20:29:00.698142
U217,U020,1,2025-10-19 20:29:00.698150
U217,U295,0,2026-04-30 20:29:00.698157
U217,U048,0,2025-10-07 20:29:00.698164
U217,U072,1,2025-11-03 20:29:00.698171
U217,U114,0,2026-04-17 20:29:00.698182
U217,U100,1,2025-07-26 20:29:00.698192
U217,U246,1,2025-06-06 20:29:00.698204
U217,U241,0,2025-11-15 20:29:00.698212
U217,U192,1,2025-12-15 20:29:00.698219
U217,U220,0,2025-08-17 20:29:00.698225
U217,U128,0,2026-03-12 20:29:00.698233
U217,U155,0,2026-01-19 20:29:00.698240
U217,U145,0,2025-10-02 20:29:00.698250
U217,U123,0,2026-02-23 20:29:00.698260
U217,U265,1,2025-08-21 20:29:00.698275
U217,U051,1,2025-07-03 20:29:00.698285
U217,U060,1,2025-11-30 20:29:00.698296
U218,U274,0,2025-10-30 20:29:00.698324
U218,U287,0,2026-03-06 20:29:00.698339
U218,U232,0,2025-07-19 20:29:00.698351
U218,U092,0,2026-03-09 20:29:00.698363
U218,U269,0,2025-11-26 20:29:00.698376
U218,U143,0,2025-11-25 20:29:00.698388
U218,U116,0,2025-12-18 20:29:00.698399
U218,U089,0,2025-09-28 20:29:00.698410
U218,U260,0,2026-04-18 20:29:00.698420
U218,U011,0,2026-05-19 20:29:00.698432
U218,U018,0,2026-04-28 20:29:00.698442
U218,U076,0,2026-04-03 20:29:00.698454
U218,U288,0,2026-01-13 20:29:00.698466
U218,U208,1,2026-05-08 20:29:00.698478
U218,U198,0,2026-05-20 20:29:00.698492
U218,U129,0,2026-03-06 20:29:00.698505
U218,U087,0,2026-05-28 20:29:00.698515
U218,U270,0,2025-09-17 20:29:00.698526
U218,U194,1,2026-04-12 20:29:00.698538
U218,U138,0,2025-07-02 20:29:00.698551
U219,U172,1,2026-01-20 20:29:00.698585
U219,U183,0,2025-06-24 20:29:00.698597
U219,U205,0,2025-09-26 20:29:00.698609
U219,U170,1,2025-06-14 20:29:00.698621
U219,U294,1,2025-06-06 20:29:00.698633
U219,U063,0,2026-04-08 20:29:00.698644
U219,U038,0,2026-01-27 20:29:00.698653
U219,U280,1,2025-10-10 20:29:00.698664
U219,U292,0,2025-11-07 20:29:00.698676
U219,U095,1,2025-11-19 20:29:00.698688
U219,U022,0,2025-10-31 20:29:00.698700
U219,U271,1,2026-01-16 20:29:00.698733
U219,U206,1,2026-03-31 20:29:00.698746
U219,U071,0,2025-08-31 20:29:00.698758
U219,U282,1,2025-10-12 20:29:00.698771
U219,U024,1,2025-06-24 20:29:00.698783
U219,U134,0,2026-05-09 20:29:00.698829
U219,U079,1,2025-08-11 20:29:00.698847
U219,U083,1,2025-07-17 20:29:00.698857
U219,U244,1,2025-07-16 20:29:00.698866
U220,U243,0,2025-12-16 20:29:00.698893
U220,U017,0,2025-11-20 20:29:00.698903
U220,U182,0,2026-03-22 20:29:00.698911
U220,U292,0,2026-04-16 20:29:00.698918
U220,U262,1,2025-07-22 20:29:00.698925
U220,U134,0,2025-10-10 20:29:00.698932
U220,U066,0,2025-11-21 20:29:00.698943
U220,U178,1,2025-07-14 20:29:00.698951
U220,U197,1,2025-09-13 20:29:00.698958
U220,U198,1,2025-12-09 20:29:00.698964
U220,U145,0,2026-04-20 20:29:00.698971
U220,U047,0,2026-03-11 20:29:00.698978
U220,U058,1,2026-01-24 20:29:00.698985
U220,U216,1,2025-08-01 20:29:00.698991
U220,U185,0,2025-12-05 20:29:00.698998
U220,U232,0,2025-10-05 20:29:00.699005
U220,U246,0,2025-09-06 20:29:00.699012
U220,U101,0,2025-12-11 20:29:00.699018
U220,U225,0,2026-05-24 20:29:00.699025
U220,U175,0,2026-01-28 20:29:00.699032
U221,U002,1,2026-04-08 20:29:00.699055
U221,U237,0,2026-01-10 20:29:00.699063
U221,U292,0,2025-08-14 20:29:00.699071
U221,U252,1,2026-02-14 20:29:00.699079
U221,U007,0,2025-10-17 20:29:00.699086
U221,U191,1,2026-01-17 20:29:00.699093
U221,U148,0,2026-05-23 20:29:00.699101
U221,U026,0,2026-05-21 20:29:00.699107
U221,U126,0,2025-08-22 20:29:00.699114
U221,U258,0,2025-12-10 20:29:00.699121
U221,U161,0,2026-03-26 20:29:00.699128
U221,U184,0,2025-11-08 20:29:00.699135
U221,U219,0,2026-06-05 20:29:00.699142
U221,U075,0,2026-03-28 20:29:00.699149
U221,U065,0,2025-07-11 20:29:00.699156
U221,U201,0,2026-01-28 20:29:00.699163
U221,U297,0,2026-04-11 20:29:00.699171
U221,U246,0,2026-04-21 20:29:00.699178
U221,U210,0,2025-11-22 20:29:00.699187
U221,U156,0,2025-12-01 20:29:00.699194
U222,U141,0,2025-12-24 20:29:00.699212
U222,U205,0,2025-07-18 20:29:00.699220
U222,U028,0,2025-11-14 20:29:00.699227
U222,U179,0,2026-06-04 20:29:00.699235
U222,U299,0,2025-12-11 20:29:00.699242
U222,U008,0,2025-06-23 20:29:00.699249
U222,U171,0,2025-06-20 20:29:00.699257
U222,U276,0,2025-10-02 20:29:00.699264
U222,U242,0,2025-12-07 20:29:00.699271
U222,U025,0,2026-01-14 20:29:00.699280
U222,U088,1,2025-06-21 20:29:00.699287
U222,U172,1,2026-06-04 20:29:00.699294
U222,U289,0,2025-11-07 20:29:00.699302
U222,U055,0,2025-12-29 20:29:00.699310
U222,U189,0,2026-02-28 20:29:00.699317
U222,U176,0,2026-05-10 20:29:00.699323
U222,U128,0,2025-08-05 20:29:00.699330
U222,U177,0,2026-05-20 20:29:00.699338
U222,U020,0,2026-02-25 20:29:00.699345
U222,U151,0,2025-06-22 20:29:00.699352
U223,U078,0,2025-12-18 20:29:00.699370
U223,U096,1,2026-02-25 20:29:00.699377
U223,U090,0,2025-06-16 20:29:00.699384
U223,U232,0,2026-03-18 20:29:00.699392
U223,U117,1,2026-01-19 20:29:00.699399
U223,U002,0,2025-10-23 20:29:00.699406
U223,U123,0,2026-03-31 20:29:00.699413
U223,U198,1,2026-01-17 20:29:00.699420
U223,U082,1,2025-07-19 20:29:00.699426
U223,U271,1,2026-04-15 20:29:00.699435
U223,U014,0,2026-05-15 20:29:00.699442
U223,U166,0,2026-03-16 20:29:00.699449
U223,U163,1,2026-04-03 20:29:00.699456
U223,U256,1,2026-05-24 20:29:00.699463
U223,U298,0,2025-12-18 20:29:00.699469
U223,U108,0,2025-08-19 20:29:00.699476
U223,U031,0,2025-10-17 20:29:00.699482
U223,U121,1,2025-11-17 20:29:00.699488
U223,U218,0,2025-12-13 20:29:00.699495
U223,U141,0,2026-02-04 20:29:00.699502
U224,U197,0,2025-11-09 20:29:00.699519
U224,U247,0,2025-09-20 20:29:00.699527
U224,U176,0,2026-04-23 20:29:00.699534
U224,U150,1,2026-03-18 20:29:00.699544
U224,U124,0,2026-01-26 20:29:00.699551
U224,U201,0,2026-03-27 20:29:00.699559
U224,U254,0,2025-09-11 20:29:00.699566
U224,U199,0,2025-06-21 20:29:00.699574
U224,U065,0,2025-12-25 20:29:00.699581
U224,U261,0,2025-11-11 20:29:00.699587
U224,U159,0,2025-07-25 20:29:00.699594
U224,U260,0,2025-07-08 20:29:00.699602
U224,U097,0,2025-08-28 20:29:00.699609
U224,U028,0,2025-11-03 20:29:00.699616
U224,U068,0,2025-09-05 20:29:00.699623
U224,U246,1,2025-10-14 20:29:00.699630
U224,U064,1,2025-10-22 20:29:00.699637
U224,U293,1,2026-04-30 20:29:00.699644
U224,U008,0,2025-08-28 20:29:00.699651
U224,U255,0,2025-10-17 20:29:00.699657
U225,U284,0,2025-06-23 20:29:00.699674
U225,U199,0,2026-05-27 20:29:00.699684
U225,U164,0,2026-04-08 20:29:00.699692
U225,U292,0,2025-09-20 20:29:00.699699
U225,U197,1,2025-12-31 20:29:00.699705
U225,U039,1,2025-09-23 20:29:00.699712
U225,U257,0,2026-05-07 20:29:00.699720
U225,U103,1,2025-07-07 20:29:00.699726
U225,U166,0,2025-12-03 20:29:00.699733
U225,U241,1,2025-09-13 20:29:00.699740
U225,U037,1,2025-06-23 20:29:00.699747
U225,U126,0,2025-09-15 20:29:00.699753
U225,U094,0,2026-04-12 20:29:00.699760
U225,U069,0,2026-02-11 20:29:00.699767
U225,U110,0,2025-09-12 20:29:00.699774
U225,U131,1,2026-03-31 20:29:00.699781
U225,U232,1,2025-10-09 20:29:00.699787
U225,U116,0,2026-02-19 20:29:00.699794
U225,U254,0,2026-01-29 20:29:00.699800
U225,U248,1,2025-07-09 20:29:00.699807
U226,U001,0,2026-02-16 20:29:00.699825
U226,U290,0,2025-11-12 20:29:00.699833
U226,U229,0,2025-12-12 20:29:00.699841
U226,U148,0,2026-04-01 20:29:00.699848
U226,U087,0,2025-12-11 20:29:00.699855
U226,U126,1,2025-12-27 20:29:00.699862
U226,U100,1,2025-12-19 20:29:00.699869
U226,U091,0,2026-02-20 20:29:00.699877
U226,U195,0,2025-10-16 20:29:00.699884
U226,U104,0,2026-02-19 20:29:00.699891
U226,U059,0,2025-11-28 20:29:00.699898
U226,U002,0,2026-02-22 20:29:00.699906
U226,U281,0,2026-03-07 20:29:00.699912
U226,U103,0,2025-07-30 20:29:00.699921
U226,U044,1,2026-01-01 20:29:00.699928
U226,U005,0,2025-06-20 20:29:00.699938
U226,U128,0,2026-01-25 20:29:00.699945
U226,U169,0,2026-03-30 20:29:00.699952
U226,U075,1,2026-05-21 20:29:00.699959
U226,U054,0,2025-10-10 20:29:00.699966
U227,U273,0,2026-04-21 20:29:00.699984
U227,U280,0,2025-11-11 20:29:00.699992
U227,U076,0,2025-10-10 20:29:00.700000
U227,U208,0,2026-05-24 20:29:00.700008
U227,U292,0,2025-06-30 20:29:00.700015
U227,U099,1,2025-07-11 20:29:00.700022
U227,U268,0,2025-07-13 20:29:00.700029
U227,U250,1,2026-03-25 20:29:00.700037
U227,U136,0,2026-03-18 20:29:00.700044
U227,U183,0,2026-04-20 20:29:00.700053
U227,U259,0,2026-04-25 20:29:00.700061
U227,U207,0,2025-06-16 20:29:00.700068
U227,U236,1,2025-12-27 20:29:00.700075
U227,U214,0,2025-10-02 20:29:00.700083
U227,U199,0,2025-11-20 20:29:00.700090
U227,U097,1,2026-04-08 20:29:00.700097
U227,U247,0,2025-12-20 20:29:00.700104
U227,U231,1,2025-08-10 20:29:00.700111
U227,U266,0,2025-11-10 20:29:00.700119
U227,U052,1,2026-02-18 20:29:00.700125
U228,U176,1,2026-04-13 20:29:00.700142
U228,U090,0,2025-07-24 20:29:00.700151
U228,U024,0,2026-04-07 20:29:00.700158
U228,U262,0,2026-04-10 20:29:00.700165
U228,U278,1,2026-04-20 20:29:00.700172
U228,U170,1,2026-01-23 20:29:00.700181
U228,U297,1,2026-05-25 20:29:00.700189
U228,U216,0,2026-05-11 20:29:00.700196
U228,U197,1,2025-12-14 20:29:00.700203
U228,U110,0,2025-07-20 20:29:00.700210
U228,U099,1,2026-01-13 20:29:00.700218
U228,U051,0,2025-08-25 20:29:00.700225
U228,U043,0,2025-09-17 20:29:00.700232
U228,U194,1,2025-11-11 20:29:00.700239
U228,U288,1,2025-07-11 20:29:00.700246
U228,U002,1,2026-01-15 20:29:00.700254
U228,U046,1,2025-12-09 20:29:00.700262
U228,U172,0,2026-03-08 20:29:00.700268
U228,U022,1,2025-12-11 20:29:00.700275
U228,U001,0,2025-12-26 20:29:00.700282
U229,U033,1,2026-02-19 20:29:00.700299
U229,U105,1,2026-04-22 20:29:00.700308
U229,U006,1,2025-07-01 20:29:00.700315
U229,U141,0,2026-05-13 20:29:00.700322
U229,U255,1,2026-04-28 20:29:00.700329
U229,U001,0,2025-12-16 20:29:00.700336
U229,U271,1,2026-02-13 20:29:00.700343
U229,U285,1,2025-09-17 20:29:00.700350
U229,U290,0,2026-05-26 20:29:00.700357
U229,U189,0,2026-05-22 20:29:00.700364
U229,U284,0,2026-01-27 20:29:00.700371
U229,U071,0,2026-06-01 20:29:00.700378
U229,U041,0,2026-02-04 20:29:00.700385
U229,U261,0,2026-02-25 20:29:00.700392
U229,U150,0,2026-05-23 20:29:00.700399
U229,U074,0,2025-10-03 20:29:00.700406
U229,U121,1,2025-07-18 20:29:00.700415
U229,U276,0,2025-08-09 20:29:00.700423
U229,U139,0,2026-02-03 20:29:00.700429
U229,U030,0,2025-11-26 20:29:00.700436
U230,U058,1,2025-11-23 20:29:00.700453
U230,U259,0,2025-11-14 20:29:00.700460
U230,U085,1,2026-01-26 20:29:00.700468
U230,U135,1,2026-04-07 20:29:00.700475
U230,U136,0,2025-12-14 20:29:00.700482
U230,U242,0,2026-05-11 20:29:00.700489
U230,U126,0,2025-11-02 20:29:00.700495
U230,U238,0,2026-05-02 20:29:00.700502
U230,U268,0,2025-11-05 20:29:00.700509
U230,U050,1,2026-01-28 20:29:00.700516
U230,U003,0,2025-07-16 20:29:00.700523
U230,U218,0,2026-01-22 20:29:00.700532
U230,U053,1,2025-12-17 20:29:00.700539
U230,U064,0,2025-08-21 20:29:00.700546
U230,U104,0,2025-07-10 20:29:00.700553
U230,U014,0,2025-11-17 20:29:00.700559
U230,U245,0,2025-10-15 20:29:00.700567
U230,U032,0,2026-05-10 20:29:00.700575
U230,U072,0,2025-09-09 20:29:00.700581
U230,U271,1,2025-12-26 20:29:00.700588
U231,U251,1,2026-05-26 20:29:00.700604
U231,U127,0,2025-06-08 20:29:00.700614
U231,U078,0,2026-04-15 20:29:00.700622
U231,U033,1,2025-09-13 20:29:00.700629
U231,U079,0,2026-03-29 20:29:00.700637
U231,U163,0,2026-01-29 20:29:00.700644
U231,U285,0,2026-05-22 20:29:00.700651
U231,U126,0,2026-01-11 20:29:00.700658
U231,U036,0,2025-06-08 20:29:00.700667
U231,U038,0,2025-06-26 20:29:00.700674
U231,U195,0,2025-11-18 20:29:00.700682
U231,U013,1,2025-07-11 20:29:00.700689
U231,U276,0,2026-01-17 20:29:00.700697
U231,U120,0,2025-10-05 20:29:00.700704
U231,U091,0,2025-08-02 20:29:00.700711
U231,U113,1,2026-05-12 20:29:00.700730
U231,U081,1,2026-02-20 20:29:00.700738
U231,U100,1,2025-06-23 20:29:00.700745
U231,U261,1,2026-03-02 20:29:00.700753
U231,U289,1,2025-07-01 20:29:00.700760
U232,U278,0,2026-01-31 20:29:00.700779
U232,U071,0,2025-09-01 20:29:00.700787
U232,U228,0,2026-03-20 20:29:00.700795
U232,U167,0,2025-09-02 20:29:00.700802
U232,U254,0,2025-11-08 20:29:00.700810
U232,U293,1,2025-12-08 20:29:00.700817
U232,U298,0,2026-04-04 20:29:00.700824
U232,U237,0,2025-08-07 20:29:00.700831
U232,U150,0,2026-04-12 20:29:00.700838
U232,U168,0,2026-02-28 20:29:00.700845
U232,U128,0,2025-09-11 20:29:00.700851
U232,U241,0,2026-05-14 20:29:00.700858
U232,U077,0,2025-11-02 20:29:00.700865
U232,U054,0,2025-07-08 20:29:00.700872
U232,U089,0,2025-06-22 20:29:00.700879
U232,U003,0,2025-09-19 20:29:00.700885
U232,U025,1,2026-03-24 20:29:00.700892
U232,U248,0,2026-05-03 20:29:00.700899
U232,U040,0,2025-09-21 20:29:00.700906
U232,U139,0,2025-12-26 20:29:00.700912
U233,U059,1,2025-12-01 20:29:00.700933
U233,U034,1,2026-05-28 20:29:00.700940
U233,U209,0,2025-08-17 20:29:00.700947
U233,U155,1,2025-08-11 20:29:00.700955
U233,U066,0,2026-06-05 20:29:00.700961
U233,U160,0,2026-03-23 20:29:00.700968
U233,U241,1,2025-09-30 20:29:00.700975
U233,U148,1,2025-12-14 20:29:00.700982
U233,U083,1,2026-05-03 20:29:00.700988
U233,U009,1,2025-10-07 20:29:00.700995
U233,U029,0,2025-12-04 20:29:00.701002
U233,U030,0,2026-05-29 20:29:00.701008
U233,U064,0,2025-09-12 20:29:00.701015
U233,U077,1,2025-08-03 20:29:00.701022
U233,U149,1,2026-01-12 20:29:00.701029
U233,U212,0,2026-02-07 20:29:00.701036
U233,U049,0,2025-09-13 20:29:00.701044
U233,U028,1,2025-09-12 20:29:00.701054
U233,U131,0,2026-02-17 20:29:00.701061
U233,U018,0,2026-05-15 20:29:00.701068
U234,U218,1,2025-09-30 20:29:00.701085
U234,U229,0,2025-10-11 20:29:00.701093
U234,U275,1,2026-03-03 20:29:00.701100
U234,U210,0,2025-08-17 20:29:00.701107
U234,U206,1,2025-11-05 20:29:00.701114
U234,U087,0,2025-08-29 20:29:00.701121
U234,U282,1,2026-01-17 20:29:00.701129
U234,U166,0,2026-03-14 20:29:00.701135
U234,U038,0,2025-10-13 20:29:00.701143
U234,U238,0,2026-03-17 20:29:00.701150
U234,U254,0,2025-10-16 20:29:00.701156
U234,U145,0,2026-03-22 20:29:00.701163
U234,U144,0,2025-08-16 20:29:00.701171
U234,U115,0,2025-10-25 20:29:00.701178
U234,U297,0,2025-10-29 20:29:00.701185
U234,U279,0,2025-06-08 20:29:00.701192
U234,U026,0,2025-06-18 20:29:00.701199
U234,U283,1,2026-04-07 20:29:00.701206
U234,U273,0,2026-03-05 20:29:00.701212
U234,U214,1,2026-04-14 20:29:00.701219
U235,U219,0,2025-06-22 20:29:00.701236
U235,U058,1,2025-10-15 20:29:00.701244
U235,U210,0,2025-07-02 20:29:00.701251
U235,U118,0,2026-04-21 20:29:00.701258
U235,U003,0,2025-10-27 20:29:00.701265
U235,U126,1,2025-09-05 20:29:00.701271
U235,U001,0,2025-12-01 20:29:00.701278
U235,U154,1,2026-04-29 20:29:00.701286
U235,U039,0,2025-09-08 20:29:00.701293
U235,U111,0,2026-01-08 20:29:00.701301
U235,U190,1,2026-05-31 20:29:00.701308
U235,U036,0,2026-01-10 20:29:00.701315
U235,U066,0,2026-04-30 20:29:00.701322
U235,U170,0,2025-09-16 20:29:00.701329
U235,U277,1,2026-03-26 20:29:00.701336
U235,U100,0,2025-11-16 20:29:00.701343
U235,U267,0,2026-03-25 20:29:00.701350
U235,U026,0,2025-06-07 20:29:00.701357
U235,U201,0,2025-09-20 20:29:00.701364
U235,U122,1,2025-10-16 20:29:00.701370
U236,U043,0,2025-11-23 20:29:00.701387
U236,U237,1,2026-05-18 20:29:00.701394
U236,U243,0,2026-05-01 20:29:00.701402
U236,U296,0,2026-04-16 20:29:00.701411
U236,U006,0,2026-02-28 20:29:00.701418
U236,U061,1,2025-06-25 20:29:00.701425
U236,U045,1,2025-08-05 20:29:00.701433
U236,U264,1,2025-06-15 20:29:00.701440
U236,U128,0,2025-09-16 20:29:00.701447
U236,U075,0,2025-07-04 20:29:00.701455
U236,U176,0,2025-10-17 20:29:00.701461
U236,U198,0,2025-10-06 20:29:00.701468
U236,U284,0,2025-09-11 20:29:00.701475
U236,U157,0,2025-11-29 20:29:00.701482
U236,U162,0,2025-12-23 20:29:00.701489
U236,U255,0,2026-01-11 20:29:00.701495
U236,U248,0,2026-03-13 20:29:00.701503
U236,U230,0,2025-10-30 20:29:00.701510
U236,U250,0,2025-07-21 20:29:00.701516
U236,U093,0,2026-05-13 20:29:00.701523
U237,U148,0,2025-09-20 20:29:00.701539
U237,U085,0,2025-12-07 20:29:00.701549
U237,U153,0,2026-04-03 20:29:00.701556
U237,U215,0,2025-10-30 20:29:00.701563
U237,U208,0,2025-09-17 20:29:00.701570
U237,U224,0,2025-11-06 20:29:00.701577
U237,U008,0,2026-01-21 20:29:00.701584
U237,U217,0,2026-04-20 20:29:00.701591
U237,U157,0,2025-06-07 20:29:00.701598
U237,U197,1,2025-06-15 20:29:00.701605
U237,U034,0,2025-07-14 20:29:00.701612
U237,U241,0,2025-11-04 20:29:00.701618
U237,U219,1,2025-12-25 20:29:00.701625
U237,U202,0,2026-03-27 20:29:00.701631
U237,U271,0,2026-03-11 20:29:00.701638
U237,U048,0,2026-04-25 20:29:00.701646
U237,U282,0,2026-01-16 20:29:00.701653
U237,U173,1,2025-08-14 20:29:00.701659
U237,U104,1,2025-10-27 20:29:00.701666
U237,U113,0,2026-03-18 20:29:00.701673
U238,U016,0,2025-07-31 20:29:00.701690
U238,U296,0,2026-02-19 20:29:00.701697
U238,U233,0,2026-05-29 20:29:00.701705
U238,U154,0,2026-04-13 20:29:00.701713
U238,U250,0,2026-05-05 20:29:00.701720
U238,U291,0,2026-01-15 20:29:00.701727
U238,U009,0,2026-03-26 20:29:00.701735
U238,U122,0,2025-08-03 20:29:00.701742
U238,U264,1,2026-03-05 20:29:00.701749
U238,U056,0,2025-12-14 20:29:00.701757
U238,U108,0,2025-10-13 20:29:00.701764
U238,U115,0,2025-07-03 20:29:00.701771
U238,U063,0,2025-12-18 20:29:00.701779
U238,U171,0,2026-01-12 20:29:00.701786
U238,U007,0,2025-07-28 20:29:00.701793
U238,U157,1,2025-08-05 20:29:00.701800
U238,U059,0,2026-03-16 20:29:00.701808
U238,U144,0,2025-10-06 20:29:00.701815
U238,U173,1,2025-12-30 20:29:00.701821
U239,U193,0,2026-05-29 20:29:00.701839
U239,U271,1,2025-08-12 20:29:00.701846
U239,U043,0,2025-10-13 20:29:00.701853
U239,U013,0,2025-10-07 20:29:00.701860
U239,U010,0,2025-06-16 20:29:00.701867
U239,U028,0,2026-02-24 20:29:00.701875
U239,U102,0,2026-05-13 20:29:00.701882
U239,U064,0,2025-07-09 20:29:00.701890
U239,U197,1,2025-06-28 20:29:00.701898
U239,U268,0,2025-10-17 20:29:00.701906
U239,U283,0,2026-01-15 20:29:00.701913
U239,U285,1,2026-01-30 20:29:00.701920
U239,U293,1,2026-05-22 20:29:00.701929
U239,U109,0,2025-06-18 20:29:00.701936
U239,U149,0,2025-08-28 20:29:00.701944
U239,U101,0,2026-03-09 20:29:00.701951
U239,U213,0,2025-08-15 20:29:00.701958
U239,U214,0,2025-09-03 20:29:00.701966
U239,U277,0,2026-06-05 20:29:00.701974
U239,U254,0,2025-12-21 20:29:00.701981
U240,U064,1,2026-01-19 20:29:00.701998
U240,U254,1,2025-09-02 20:29:00.702006
U240,U227,0,2025-08-29 20:29:00.702014
U240,U147,1,2025-07-25 20:29:00.702023
U240,U211,0,2026-02-04 20:29:00.702029
U240,U294,1,2026-03-17 20:29:00.702036
U240,U018,0,2025-12-31 20:29:00.702044
U240,U092,0,2025-06-13 20:29:00.702051
U240,U158,0,2025-08-23 20:29:00.702058
U240,U036,0,2026-03-30 20:29:00.702065
U240,U177,1,2025-07-30 20:29:00.702072
U240,U169,0,2025-07-10 20:29:00.702079
U240,U199,0,2026-03-28 20:29:00.702087
U240,U249,0,2025-06-06 20:29:00.702094
U240,U129,1,2025-09-21 20:29:00.702100
U240,U217,0,2025-10-03 20:29:00.702107
U240,U053,1,2026-04-04 20:29:00.702114
U240,U049,0,2025-11-24 20:29:00.702120
U240,U162,0,2025-11-07 20:29:00.702127
U240,U197,0,2026-03-08 20:29:00.702134
U241,U063,1,2025-06-17 20:29:00.702152
U241,U108,0,2026-05-25 20:29:00.702160
U241,U177,0,2025-11-12 20:29:00.702168
U241,U129,0,2025-10-22 20:29:00.702175
U241,U250,0,2026-03-04 20:29:00.702182
U241,U205,0,2025-09-28 20:29:00.702189
U241,U078,0,2026-01-04 20:29:00.702196
U241,U171,0,2025-07-02 20:29:00.702203
U241,U262,0,2026-03-24 20:29:00.702210
U241,U094,0,2026-01-07 20:29:00.702217
U241,U270,0,2026-04-10 20:29:00.702223
U241,U160,0,2025-06-28 20:29:00.702230
U241,U247,1,2026-04-23 20:29:00.702237
U241,U266,0,2025-08-07 20:29:00.702244
U241,U041,0,2025-06-11 20:29:00.702251
U241,U050,1,2026-05-03 20:29:00.702258
U241,U140,1,2026-02-04 20:29:00.702264
U241,U044,0,2026-04-26 20:29:00.702271
U241,U057,1,2026-03-15 20:29:00.702278
U241,U075,1,2026-05-10 20:29:00.702285
U242,U296,0,2026-05-04 20:29:00.702302
U242,U181,1,2025-08-22 20:29:00.702310
U242,U224,0,2026-04-22 20:29:00.702317
U242,U101,0,2025-10-06 20:29:00.702324
U242,U300,0,2025-10-16 20:29:00.702331
U242,U057,0,2026-01-03 20:29:00.702338
U242,U254,0,2025-11-22 20:29:00.702345
U242,U052,0,2026-01-17 20:29:00.702352
U242,U208,1,2026-05-09 20:29:00.702359
U242,U190,0,2026-02-15 20:29:00.702366
U242,U026,0,2025-07-12 20:29:00.702372
U242,U288,0,2025-11-06 20:29:00.702382
U242,U153,0,2025-10-07 20:29:00.702388
U242,U221,0,2025-08-06 20:29:00.702395
U242,U223,1,2025-08-01 20:29:00.702402
U242,U053,0,2025-11-03 20:29:00.702409
U242,U114,1,2026-06-05 20:29:00.702415
U242,U251,1,2026-01-02 20:29:00.702422
U242,U231,0,2025-08-27 20:29:00.702428
U242,U215,1,2025-07-10 20:29:00.702436
U243,U299,0,2026-02-04 20:29:00.702455
U243,U170,0,2025-12-11 20:29:00.702463
U243,U126,0,2025-08-28 20:29:00.702470
U243,U055,0,2025-12-07 20:29:00.702478
U243,U190,0,2026-04-18 20:29:00.702485
U243,U023,0,2025-12-27 20:29:00.702492
U243,U226,0,2025-10-29 20:29:00.702500
U243,U236,0,2025-10-18 20:29:00.702507
U243,U297,1,2025-06-08 20:29:00.702517
U243,U047,0,2025-12-12 20:29:00.702525
U243,U004,0,2026-05-18 20:29:00.702531
U243,U281,0,2026-01-29 20:29:00.702538
U243,U080,0,2025-07-12 20:29:00.702546
U243,U187,0,2025-10-07 20:29:00.702553
U243,U265,0,2026-03-21 20:29:00.702560
U243,U268,0,2025-10-07 20:29:00.702567
U243,U292,0,2025-11-25 20:29:00.702574
U243,U271,0,2025-06-17 20:29:00.702581
U243,U014,0,2026-03-11 20:29:00.702591
U243,U156,1,2025-08-13 20:29:00.702597
U244,U237,0,2026-05-17 20:29:00.702615
U244,U007,1,2026-02-09 20:29:00.702623
U244,U099,1,2025-11-08 20:29:00.702631
U244,U183,0,2025-06-15 20:29:00.702641
U244,U020,1,2025-10-04 20:29:00.702648
U244,U014,0,2025-07-15 20:29:00.702656
U244,U017,0,2025-07-27 20:29:00.702663
U244,U148,0,2025-08-20 20:29:00.702670
U244,U028,0,2025-11-22 20:29:00.702677
U244,U269,0,2025-08-04 20:29:00.702685
U244,U225,0,2026-03-20 20:29:00.702691
U244,U063,0,2025-07-24 20:29:00.702698
U244,U024,1,2025-07-29 20:29:00.702706
U244,U256,0,2025-07-27 20:29:00.702713
U244,U054,0,2025-12-08 20:29:00.702720
U244,U002,0,2025-11-06 20:29:00.702736
U244,U039,0,2026-05-09 20:29:00.702743
U244,U287,1,2025-10-14 20:29:00.702751
U244,U278,0,2025-10-04 20:29:00.702757
U244,U295,1,2025-11-16 20:29:00.702764
U245,U072,0,2025-09-03 20:29:00.702783
U245,U173,0,2025-09-11 20:29:00.702791
U245,U141,0,2026-02-20 20:29:00.702798
U245,U137,0,2026-05-10 20:29:00.702805
U245,U010,0,2025-07-27 20:29:00.702812
U245,U110,0,2026-01-25 20:29:00.702819
U245,U165,0,2025-07-12 20:29:00.702826
U245,U112,0,2026-05-11 20:29:00.702833
U245,U044,1,2025-08-16 20:29:00.702840
U245,U080,0,2025-11-03 20:29:00.702847
U245,U084,0,2025-10-22 20:29:00.702854
U245,U048,0,2025-08-13 20:29:00.702860
U245,U175,0,2025-12-18 20:29:00.702868
U245,U102,0,2025-11-10 20:29:00.702875
U245,U064,1,2025-09-09 20:29:00.702882
U245,U074,0,2026-03-21 20:29:00.702891
U245,U296,1,2025-07-15 20:29:00.702899
U245,U043,0,2025-06-17 20:29:00.702907
U245,U093,0,2025-08-05 20:29:00.702913
U245,U220,0,2025-07-16 20:29:00.702920
U246,U181,1,2026-02-25 20:29:00.702936
U246,U031,1,2025-07-16 20:29:00.702944
U246,U248,0,2025-09-25 20:29:00.702951
U246,U111,0,2025-11-18 20:29:00.702958
U246,U132,0,2025-10-22 20:29:00.702965
U246,U142,0,2026-04-11 20:29:00.702972
U246,U084,0,2025-06-21 20:29:00.702979
U246,U203,0,2025-08-22 20:29:00.702986
U246,U289,0,2026-02-26 20:29:00.702993
U246,U062,1,2025-09-01 20:29:00.703002
U246,U042,1,2025-12-16 20:29:00.703008
U246,U021,0,2025-07-10 20:29:00.703015
U246,U233,0,2025-10-05 20:29:00.703023
U246,U136,0,2026-02-19 20:29:00.703029
U246,U002,1,2026-02-10 20:29:00.703037
U246,U231,0,2026-04-10 20:29:00.703043
U246,U223,0,2026-06-04 20:29:00.703050
U246,U216,1,2026-05-27 20:29:00.703056
U246,U022,0,2026-05-29 20:29:00.703063
U246,U051,0,2026-05-06 20:29:00.703069
U247,U177,1,2025-08-27 20:29:00.703087
U247,U125,1,2026-03-28 20:29:00.703095
U247,U281,0,2026-01-29 20:29:00.703102
U247,U267,0,2025-10-15 20:29:00.703109
U247,U027,0,2026-04-24 20:29:00.703116
U247,U235,1,2025-09-20 20:29:00.703124
U247,U265,0,2025-12-13 20:29:00.703131
U247,U148,0,2025-09-09 20:29:00.703140
U247,U169,0,2026-05-19 20:29:00.703146
U247,U238,0,2026-03-14 20:29:00.703154
U247,U013,0,2026-05-15 20:29:00.703160
U247,U112,0,2025-10-07 20:29:00.703167
U247,U197,1,2025-10-30 20:29:00.703173
U247,U017,0,2025-06-10 20:29:00.703180
U247,U147,1,2025-12-12 20:29:00.703187
U247,U154,1,2026-05-20 20:29:00.703194
U247,U029,0,2025-07-12 20:29:00.703201
U247,U008,0,2025-07-03 20:29:00.703208
U247,U253,0,2026-04-11 20:29:00.703215
U247,U038,0,2025-08-07 20:29:00.703222
U248,U294,0,2026-03-05 20:29:00.703239
U248,U037,0,2025-07-22 20:29:00.703247
U248,U064,0,2025-09-29 20:29:00.703255
U248,U074,1,2026-04-29 20:29:00.703262
U248,U019,0,2026-05-11 20:29:00.703269
U248,U200,0,2026-02-25 20:29:00.703276
U248,U197,0,2026-02-10 20:29:00.703285
U248,U208,0,2026-01-24 20:29:00.703292
U248,U181,0,2025-07-13 20:29:00.703299
U248,U286,0,2025-09-24 20:29:00.703307
U248,U156,0,2026-04-16 20:29:00.703314
U248,U085,0,2026-06-02 20:29:00.703321
U248,U180,0,2026-04-29 20:29:00.703327
U248,U255,1,2025-07-27 20:29:00.703334
U248,U298,0,2026-01-13 20:29:00.703342
U248,U171,0,2025-08-01 20:29:00.703349
U248,U139,1,2025-10-13 20:29:00.703356
U248,U044,0,2026-04-25 20:29:00.703363
U248,U030,0,2026-04-26 20:29:00.703371
U248,U096,0,2026-04-21 20:29:00.703378
U249,U005,0,2025-10-15 20:29:00.703397
U249,U294,0,2025-06-12 20:29:00.703404
U249,U218,0,2026-04-24 20:29:00.703412
U249,U227,1,2026-02-23 20:29:00.703419
U249,U134,0,2025-11-09 20:29:00.703426
U249,U158,0,2025-10-25 20:29:00.703433
U249,U149,0,2025-12-13 20:29:00.703440
U249,U191,0,2026-03-05 20:29:00.703447
U249,U219,1,2026-03-08 20:29:00.703454
U249,U076,0,2026-04-06 20:29:00.703461
U249,U143,0,2026-03-24 20:29:00.703468
U249,U129,1,2026-05-09 20:29:00.703475
U249,U189,0,2025-11-03 20:29:00.703481
U249,U193,0,2026-04-21 20:29:00.703488
U249,U065,1,2026-04-30 20:29:00.703494
U249,U213,1,2026-05-08 20:29:00.703501
U249,U109,0,2025-12-06 20:29:00.703508
U249,U157,0,2025-06-16 20:29:00.703516
U249,U257,0,2025-08-11 20:29:00.703524
U249,U009,0,2025-08-27 20:29:00.703531
U250,U070,1,2025-10-29 20:29:00.703547
U250,U088,0,2025-10-26 20:29:00.703554
U250,U200,0,2026-03-28 20:29:00.703562
U250,U127,0,2026-04-10 20:29:00.703569
U250,U196,0,2025-11-07 20:29:00.703576
U250,U085,0,2025-10-22 20:29:00.703583
U250,U062,0,2025-09-24 20:29:00.703590
U250,U049,0,2026-03-12 20:29:00.703596
U250,U044,0,2025-12-19 20:29:00.703602
U250,U204,0,2025-09-23 20:29:00.703609
U250,U152,1,2025-09-25 20:29:00.703617
U250,U143,0,2025-08-24 20:29:00.703625
U250,U275,0,2026-05-07 20:29:00.703633
U250,U097,0,2026-05-11 20:29:00.703644
U250,U233,0,2025-08-21 20:29:00.703651
U250,U214,0,2025-09-09 20:29:00.703658
U250,U191,0,2025-08-10 20:29:00.703666
U250,U021,1,2025-07-04 20:29:00.703673
U250,U119,0,2025-08-30 20:29:00.703680
U250,U296,1,2026-03-13 20:29:00.703687
U251,U230,0,2026-01-15 20:29:00.703703
U251,U050,1,2025-12-02 20:29:00.703710
U251,U295,0,2025-07-15 20:29:00.703717
U251,U271,0,2025-11-29 20:29:00.703724
U251,U154,0,2026-05-04 20:29:00.703732
U251,U167,0,2025-10-15 20:29:00.703739
U251,U244,0,2025-07-27 20:29:00.703746
U251,U013,0,2026-02-14 20:29:00.703753
U251,U021,0,2025-07-10 20:29:00.703760
U251,U150,1,2026-05-10 20:29:00.703767
U251,U103,0,2026-01-26 20:29:00.703774
U251,U099,1,2025-07-19 20:29:00.703781
U251,U044,0,2025-10-26 20:29:00.703788
U251,U289,1,2025-09-29 20:29:00.703795
U251,U275,0,2025-08-11 20:29:00.703802
U251,U108,1,2025-06-25 20:29:00.703809
U251,U122,0,2025-07-05 20:29:00.703816
U251,U213,1,2025-07-20 20:29:00.703823
U251,U257,0,2025-10-18 20:29:00.703831
U251,U220,0,2025-06-30 20:29:00.703837
U252,U022,0,2025-08-25 20:29:00.703854
U252,U190,0,2025-11-23 20:29:00.703862
U252,U098,0,2025-12-23 20:29:00.703871
U252,U265,0,2026-01-25 20:29:00.703878
U252,U151,0,2025-10-25 20:29:00.703886
U252,U296,1,2025-10-07 20:29:00.703894
U252,U050,0,2026-03-09 20:29:00.703901
U252,U047,1,2026-04-17 20:29:00.703908
U252,U164,1,2026-02-11 20:29:00.703915
U252,U024,1,2025-12-25 20:29:00.703923
U252,U259,0,2026-02-09 20:29:00.703931
U252,U045,1,2025-11-24 20:29:00.703938
U252,U086,0,2025-08-21 20:29:00.703945
U252,U037,0,2026-03-30 20:29:00.703952
U252,U159,0,2026-05-23 20:29:00.703959
U252,U256,0,2025-10-01 20:29:00.703967
U252,U213,0,2026-04-12 20:29:00.703974
U252,U062,1,2025-10-31 20:29:00.703982
U252,U100,1,2025-08-16 20:29:00.703989
U252,U267,1,2025-06-11 20:29:00.703996
U253,U190,0,2025-06-25 20:29:00.704012
U253,U259,1,2026-05-23 20:29:00.704021
U253,U268,0,2026-05-15 20:29:00.704028
U253,U081,0,2025-08-13 20:29:00.704035
U253,U210,0,2026-01-11 20:29:00.704042
U253,U252,0,2025-07-02 20:29:00.704049
U253,U235,0,2025-06-23 20:29:00.704057
U253,U262,0,2026-05-10 20:29:00.704064
U253,U097,0,2026-04-19 20:29:00.704071
U253,U237,0,2025-10-26 20:29:00.704078
U253,U015,0,2025-09-21 20:29:00.704085
U253,U192,0,2025-07-04 20:29:00.704092
U253,U106,1,2025-10-17 20:29:00.704099
U253,U109,1,2026-01-12 20:29:00.704106
U253,U028,0,2025-11-15 20:29:00.704115
U253,U234,0,2025-12-22 20:29:00.704121
U253,U094,1,2025-09-06 20:29:00.704129
U253,U212,0,2025-08-19 20:29:00.704136
U253,U200,0,2025-10-01 20:29:00.704143
U253,U065,0,2025-12-04 20:29:00.704150
U254,U255,1,2026-02-16 20:29:00.704167
U254,U245,0,2026-01-14 20:29:00.704175
U254,U090,0,2026-04-11 20:29:00.704183
U254,U017,0,2025-10-24 20:29:00.704190
U254,U257,0,2026-02-15 20:29:00.704197
U254,U079,1,2026-04-12 20:29:00.704204
U254,U146,0,2026-05-10 20:29:00.704211
U254,U008,0,2025-12-18 20:29:00.704218
U254,U227,1,2026-01-23 20:29:00.704225
U254,U230,0,2025-10-19 20:29:00.704232
U254,U071,0,2026-01-07 20:29:00.704239
U254,U287,0,2026-05-28 20:29:00.704247
U254,U098,1,2026-03-13 20:29:00.704253
U254,U139,0,2025-09-03 20:29:00.704260
U254,U048,0,2025-10-24 20:29:00.704267
U254,U076,0,2025-09-21 20:29:00.704275
U254,U222,0,2025-06-07 20:29:00.704282
U254,U224,1,2026-05-13 20:29:00.704288
U254,U043,1,2026-04-21 20:29:00.704295
U254,U262,0,2026-05-22 20:29:00.704302
U255,U228,0,2025-09-04 20:29:00.704319
U255,U025,1,2025-08-28 20:29:00.704327
U255,U054,0,2026-02-20 20:29:00.704335
U255,U254,0,2025-07-06 20:29:00.704342
U255,U157,0,2026-05-16 20:29:00.704349
U255,U275,1,2026-02-14 20:29:00.704358
U255,U225,0,2025-12-06 20:29:00.704366
U255,U078,0,2025-09-13 20:29:00.704373
U255,U162,0,2026-02-04 20:29:00.704380
U255,U008,0,2025-10-18 20:29:00.704387
U255,U293,0,2025-10-01 20:29:00.704393
U255,U185,0,2025-07-29 20:29:00.704401
U255,U208,0,2025-07-13 20:29:00.704408
U255,U040,0,2025-10-28 20:29:00.704415
U255,U164,0,2026-02-17 20:29:00.704422
U255,U277,1,2026-01-30 20:29:00.704429
U255,U039,0,2026-01-22 20:29:00.704436
U255,U028,0,2025-08-18 20:29:00.704442
U255,U247,0,2025-06-21 20:29:00.704450
U255,U268,0,2025-12-22 20:29:00.704457
U256,U130,0,2025-06-09 20:29:00.704482
U256,U172,1,2026-01-07 20:29:00.704491
U256,U042,0,2025-08-05 20:29:00.704499
U256,U074,1,2026-01-11 20:29:00.704506
U256,U273,1,2026-03-31 20:29:00.704513
U256,U191,0,2025-08-06 20:29:00.704520
U256,U259,0,2026-05-05 20:29:00.704528
U256,U254,1,2025-12-31 20:29:00.704534
U256,U242,1,2026-03-22 20:29:00.704541
U256,U199,1,2026-03-30 20:29:00.704548
U256,U264,0,2026-04-29 20:29:00.704555
U256,U008,0,2025-11-17 20:29:00.704562
U256,U097,0,2025-12-13 20:29:00.704569
U256,U089,0,2025-06-17 20:29:00.704575
U256,U065,0,2025-08-01 20:29:00.704584
U256,U215,0,2025-10-27 20:29:00.704592
U256,U268,1,2025-10-01 20:29:00.704599
U256,U068,0,2025-12-18 20:29:00.704610
U256,U125,1,2025-12-31 20:29:00.704617
U256,U131,0,2025-08-19 20:29:00.704625
U257,U056,0,2025-11-18 20:29:00.704645
U257,U269,1,2025-08-01 20:29:00.704655
U257,U077,0,2025-12-09 20:29:00.704662
U257,U236,0,2025-11-06 20:29:00.704670
U257,U069,0,2025-12-31 20:29:00.704677
U257,U022,1,2026-01-16 20:29:00.704684
U257,U238,0,2026-01-15 20:29:00.704692
U257,U037,1,2026-02-26 20:29:00.704699
U257,U270,0,2026-01-19 20:29:00.704706
U257,U062,0,2026-04-07 20:29:00.704714
U257,U160,0,2026-03-30 20:29:00.704720
U257,U034,1,2025-11-15 20:29:00.704728
U257,U162,0,2025-09-25 20:29:00.704734
U257,U154,0,2025-12-20 20:29:00.704742
U257,U177,1,2026-02-22 20:29:00.704750
U257,U147,0,2025-10-28 20:29:00.704757
U257,U053,0,2025-08-19 20:29:00.704764
U257,U122,1,2026-01-10 20:29:00.704771
U257,U284,0,2025-09-16 20:29:00.704777
U257,U172,0,2026-02-18 20:29:00.704784
U258,U261,0,2026-02-17 20:29:00.704800
U258,U184,0,2026-03-03 20:29:00.704808
U258,U272,0,2025-11-08 20:29:00.704816
U258,U135,0,2025-07-21 20:29:00.704823
U258,U241,1,2026-06-01 20:29:00.704831
U258,U109,1,2025-10-28 20:29:00.704837
U258,U024,0,2025-09-22 20:29:00.704844
U258,U159,0,2025-10-27 20:29:00.704851
U258,U034,0,2025-12-22 20:29:00.704858
U258,U152,0,2026-04-01 20:29:00.704867
U258,U065,0,2026-03-21 20:29:00.704874
U258,U129,0,2026-02-15 20:29:00.704881
U258,U263,0,2026-03-27 20:29:00.704888
U258,U174,1,2026-04-08 20:29:00.704895
U258,U106,0,2026-04-06 20:29:00.704902
U258,U259,1,2026-04-15 20:29:00.704909
U258,U066,0,2025-07-29 20:29:00.704916
U258,U029,0,2025-08-09 20:29:00.704923
U258,U047,0,2026-04-18 20:29:00.704931
U258,U089,0,2025-10-20 20:29:00.704937
U259,U043,0,2026-05-31 20:29:00.704954
U259,U040,0,2025-08-21 20:29:00.704961
U259,U271,1,2025-07-25 20:29:00.704968
U259,U090,0,2025-09-15 20:29:00.704975
U259,U250,1,2026-03-15 20:29:00.704982
U259,U215,0,2026-03-15 20:29:00.704992
U259,U193,0,2025-10-12 20:29:00.704999
U259,U167,0,2025-09-23 20:29:00.705006
U259,U194,0,2026-04-29 20:29:00.705013
U259,U074,0,2025-06-16 20:29:00.705020
U259,U065,1,2025-07-30 20:29:00.705027
U259,U134,1,2026-02-14 20:29:00.705034
U259,U041,1,2025-12-11 20:29:00.705040
U259,U175,0,2025-09-09 20:29:00.705047
U259,U083,0,2025-11-05 20:29:00.705054
U259,U116,1,2025-11-30 20:29:00.705061
U259,U280,0,2026-01-15 20:29:00.705068
U259,U197,0,2025-06-12 20:29:00.705074
U259,U049,0,2025-06-26 20:29:00.705081
U259,U298,0,2025-12-23 20:29:00.705088
U260,U168,0,2026-03-18 20:29:00.705105
U260,U095,0,2026-02-02 20:29:00.705114
U260,U249,0,2025-10-15 20:29:00.705121
U260,U107,0,2026-01-15 20:29:00.705128
U260,U015,0,2025-10-16 20:29:00.705136
U260,U196,0,2026-05-10 20:29:00.705143
U260,U206,0,2025-10-25 20:29:00.705150
U260,U038,1,2026-01-04 20:29:00.705157
U260,U122,0,2026-04-24 20:29:00.705164
U260,U188,1,2026-02-19 20:29:00.705171
U260,U145,1,2025-07-25 20:29:00.705177
U260,U137,1,2026-01-08 20:29:00.705184
U260,U109,1,2025-12-25 20:29:00.705191
U260,U250,0,2026-05-21 20:29:00.705198
U260,U242,0,2026-01-21 20:29:00.705204
U260,U014,0,2025-11-20 20:29:00.705212
U260,U047,0,2025-12-26 20:29:00.705219
U260,U033,0,2025-11-25 20:29:00.705225
U260,U225,1,2026-04-18 20:29:00.705232
U260,U219,0,2025-06-16 20:29:00.705238
U261,U258,1,2025-08-12 20:29:00.705258
U261,U188,1,2026-03-23 20:29:00.705265
U261,U015,0,2026-02-12 20:29:00.705272
U261,U293,0,2025-10-23 20:29:00.705279
U261,U290,1,2025-06-25 20:29:00.705286
U261,U131,0,2026-01-01 20:29:00.705293
U261,U161,0,2025-10-08 20:29:00.705300
U261,U159,0,2025-08-20 20:29:00.705307
U261,U277,1,2025-10-01 20:29:00.705313
U261,U228,0,2025-12-05 20:29:00.705320
U261,U242,0,2025-09-10 20:29:00.705326
U261,U145,0,2026-03-28 20:29:00.705333
U261,U038,0,2025-06-10 20:29:00.705341
U261,U007,0,2025-09-17 20:29:00.705348
U261,U152,0,2026-02-16 20:29:00.705355
U261,U103,0,2025-12-05 20:29:00.705362
U261,U063,0,2025-10-30 20:29:00.705369
U261,U164,0,2026-05-19 20:29:00.705375
U261,U158,0,2026-03-27 20:29:00.705382
U261,U121,0,2025-10-16 20:29:00.705388
U262,U290,0,2025-11-24 20:29:00.705405
U262,U199,0,2025-10-07 20:29:00.705413
U262,U175,1,2026-05-08 20:29:00.705421
U262,U294,0,2025-06-28 20:29:00.705428
U262,U065,1,2025-11-09 20:29:00.705435
U262,U168,0,2025-12-03 20:29:00.705442
U262,U181,0,2026-02-25 20:29:00.705449
U262,U210,0,2026-05-06 20:29:00.705456
U262,U227,0,2025-11-19 20:29:00.705463
U262,U025,0,2026-02-20 20:29:00.705470
U262,U180,0,2026-06-04 20:29:00.705476
U262,U249,1,2026-01-28 20:29:00.705483
U262,U011,1,2026-03-28 20:29:00.705493
U262,U186,0,2026-02-09 20:29:00.705500
U262,U170,0,2026-01-31 20:29:00.705507
U262,U159,0,2025-12-19 20:29:00.705514
U262,U033,0,2025-08-06 20:29:00.705521
U262,U279,0,2025-12-06 20:29:00.705529
U262,U002,0,2025-11-20 20:29:00.705536
U262,U144,0,2026-01-08 20:29:00.705542
U263,U127,0,2025-07-23 20:29:00.705559
U263,U048,1,2026-05-16 20:29:00.705566
U263,U261,0,2026-01-17 20:29:00.705574
U263,U283,0,2025-12-27 20:29:00.705581
U263,U282,0,2025-12-05 20:29:00.705590
U263,U183,0,2025-11-18 20:29:00.705598
U263,U085,1,2025-07-16 20:29:00.705605
U263,U182,1,2025-08-02 20:29:00.705612
U263,U229,0,2025-09-22 20:29:00.705619
U263,U145,0,2025-11-25 20:29:00.705626
U263,U017,0,2025-08-30 20:29:00.705633
U263,U039,1,2025-06-11 20:29:00.705640
U263,U196,0,2026-03-03 20:29:00.705647
U263,U250,0,2026-05-31 20:29:00.705654
U263,U213,0,2026-01-15 20:29:00.705661
U263,U074,0,2025-09-06 20:29:00.705668
U263,U138,1,2026-03-21 20:29:00.705675
U263,U298,1,2026-04-28 20:29:00.705681
U263,U172,1,2026-03-10 20:29:00.705688
U263,U287,0,2026-03-01 20:29:00.705695
U264,U039,0,2025-09-08 20:29:00.705710
U264,U063,0,2025-11-29 20:29:00.705718
U264,U246,0,2026-03-14 20:29:00.705725
U264,U212,0,2026-04-27 20:29:00.705732
U264,U242,1,2026-04-17 20:29:00.705739
U264,U142,0,2026-01-13 20:29:00.705745
U264,U010,0,2025-11-09 20:29:00.705752
U264,U277,0,2025-09-07 20:29:00.705758
U264,U025,0,2026-04-17 20:29:00.705765
U264,U088,1,2025-08-21 20:29:00.705772
U264,U075,0,2025-08-18 20:29:00.705779
U264,U265,1,2025-08-25 20:29:00.705785
U264,U300,1,2025-07-23 20:29:00.705792
U264,U193,0,2026-03-16 20:29:00.705799
U264,U095,0,2026-03-07 20:29:00.705805
U264,U136,1,2025-11-22 20:29:00.705812
U264,U119,1,2026-04-14 20:29:00.705821
U264,U002,0,2025-06-16 20:29:00.705828
U264,U034,1,2026-02-25 20:29:00.705835
U264,U061,1,2025-10-18 20:29:00.705842
U265,U254,0,2025-10-09 20:29:00.705858
U265,U143,1,2025-09-23 20:29:00.705866
U265,U127,0,2026-02-15 20:29:00.705873
U265,U168,0,2025-09-08 20:29:00.705882
U265,U048,0,2026-05-22 20:29:00.705889
U265,U158,0,2025-07-12 20:29:00.705898
U265,U010,0,2025-10-02 20:29:00.705905
U265,U044,0,2026-04-26 20:29:00.705912
U265,U285,0,2026-01-03 20:29:00.705919
U265,U139,0,2026-05-14 20:29:00.705926
U265,U245,1,2026-02-15 20:29:00.705935
U265,U137,1,2025-11-20 20:29:00.705942
U265,U241,0,2025-12-29 20:29:00.705949
U265,U289,1,2025-08-30 20:29:00.705956
U265,U187,0,2026-03-20 20:29:00.705963
U265,U114,0,2025-06-12 20:29:00.705970
U265,U045,0,2026-01-06 20:29:00.706030
U265,U237,0,2025-10-30 20:29:00.706123
U265,U061,0,2025-09-06 20:29:00.706175
U265,U038,1,2026-05-11 20:29:00.706196
U266,U296,0,2026-04-02 20:29:00.706244
U266,U099,1,2026-04-17 20:29:00.706260
U266,U210,0,2026-02-18 20:29:00.706273
U266,U002,0,2025-12-27 20:29:00.706283
U266,U265,1,2026-04-11 20:29:00.706291
U266,U177,0,2026-01-28 20:29:00.706299
U266,U197,0,2026-04-24 20:29:00.706307
U266,U198,1,2025-11-09 20:29:00.706316
U266,U212,0,2025-09-23 20:29:00.706342
U266,U257,0,2025-08-01 20:29:00.706350
U266,U272,0,2026-03-27 20:29:00.706358
U266,U196,0,2025-07-01 20:29:00.706366
U266,U148,0,2025-12-22 20:29:00.706374
U266,U283,0,2026-02-23 20:29:00.706382
U266,U047,0,2026-04-10 20:29:00.706390
U266,U150,0,2025-07-29 20:29:00.706398
U266,U003,0,2025-07-31 20:29:00.706405
U266,U039,0,2026-01-03 20:29:00.706413
U266,U203,0,2025-07-12 20:29:00.706420
U266,U200,0,2025-06-28 20:29:00.706428
U267,U187,0,2025-09-17 20:29:00.706456
U267,U182,1,2026-01-27 20:29:00.706467
U267,U156,0,2025-10-17 20:29:00.706506
U267,U117,0,2026-02-12 20:29:00.706524
U267,U291,1,2025-08-11 20:29:00.706537
U267,U208,0,2026-01-15 20:29:00.706551
U267,U134,0,2025-06-22 20:29:00.706563
U267,U268,0,2026-05-16 20:29:00.706573
U267,U033,0,2026-02-11 20:29:00.706585
U267,U071,0,2026-02-28 20:29:00.706597
U267,U073,0,2025-08-31 20:29:00.706608
U267,U186,0,2025-08-05 20:29:00.706620
U267,U022,0,2025-07-04 20:29:00.706630
U267,U072,0,2025-09-28 20:29:00.706649
U267,U038,0,2026-04-17 20:29:00.706660
U267,U224,0,2025-06-14 20:29:00.706671
U267,U294,0,2025-11-28 20:29:00.706683
U267,U231,0,2026-02-09 20:29:00.706694
U267,U166,0,2026-06-03 20:29:00.706705
U268,U043,0,2025-07-16 20:29:00.706746
U268,U093,1,2026-04-10 20:29:00.706758
U268,U243,0,2026-03-11 20:29:00.706770
U268,U074,0,2026-02-09 20:29:00.706781
U268,U281,0,2026-04-27 20:29:00.706791
U268,U279,0,2026-05-11 20:29:00.706802
U268,U219,0,2026-04-23 20:29:00.706814
U268,U235,1,2025-12-14 20:29:00.706825
U268,U180,0,2025-08-22 20:29:00.706837
U268,U027,1,2025-08-01 20:29:00.706847
U268,U007,0,2025-07-05 20:29:00.706858
U268,U030,1,2026-05-22 20:29:00.706869
U268,U163,0,2026-04-16 20:29:00.706880
U268,U246,0,2025-08-22 20:29:00.706891
U268,U073,0,2025-06-12 20:29:00.706902
U268,U100,0,2026-01-02 20:29:00.706912
U268,U149,0,2025-12-06 20:29:00.706923
U268,U086,0,2026-06-03 20:29:00.706933
U268,U286,1,2025-07-06 20:29:00.706945
U268,U038,0,2026-05-21 20:29:00.706956
U269,U185,0,2025-09-28 20:29:00.706998
U269,U099,1,2026-03-17 20:29:00.707011
U269,U155,0,2026-04-29 20:29:00.707022
U269,U225,0,2025-09-11 20:29:00.707032
U269,U156,0,2025-12-14 20:29:00.707043
U269,U009,0,2026-02-25 20:29:00.707055
U269,U236,0,2025-11-01 20:29:00.707068
U269,U131,0,2025-12-19 20:29:00.707078
U269,U081,0,2025-10-14 20:29:00.707088
U269,U289,0,2025-09-22 20:29:00.707100
U269,U008,0,2026-05-17 20:29:00.707111
U269,U157,0,2026-04-27 20:29:00.707121
U269,U295,0,2025-12-14 20:29:00.707135
U269,U189,0,2025-10-11 20:29:00.707145
U269,U279,1,2026-04-19 20:29:00.707157
U269,U044,0,2026-04-25 20:29:00.707169
U269,U296,0,2025-06-27 20:29:00.707180
U269,U048,0,2026-01-16 20:29:00.707189
U269,U087,0,2025-12-01 20:29:00.707197
U269,U103,0,2025-06-15 20:29:00.707204
U270,U081,1,2026-02-09 20:29:00.707228
U270,U288,0,2025-09-26 20:29:00.707236
U270,U120,0,2025-12-22 20:29:00.707244
U270,U038,0,2025-12-18 20:29:00.707251
U270,U271,0,2026-04-19 20:29:00.707258
U270,U287,0,2026-04-27 20:29:00.707266
U270,U131,0,2026-03-30 20:29:00.707273
U270,U175,1,2025-07-25 20:29:00.707281
U270,U027,0,2026-05-02 20:29:00.707289
U270,U020,1,2026-04-04 20:29:00.707296
U270,U228,1,2026-02-18 20:29:00.707304
U270,U055,0,2026-03-28 20:29:00.707311
U270,U275,0,2026-05-21 20:29:00.707318
U270,U109,0,2026-05-31 20:29:00.707325
U270,U108,0,2025-12-07 20:29:00.707332
U270,U161,1,2025-07-06 20:29:00.707341
U270,U280,0,2025-12-13 20:29:00.707348
U270,U146,1,2025-11-23 20:29:00.707356
U270,U256,0,2026-01-29 20:29:00.707363
U270,U300,0,2025-10-10 20:29:00.707371
U271,U005,0,2025-09-11 20:29:00.707391
U271,U119,1,2025-08-14 20:29:00.707400
U271,U027,1,2025-12-28 20:29:00.707408
U271,U168,0,2026-05-03 20:29:00.707415
U271,U111,1,2025-07-18 20:29:00.707426
U271,U217,0,2025-08-09 20:29:00.707434
U271,U058,1,2025-11-17 20:29:00.707441
U271,U146,0,2025-12-08 20:29:00.707449
U271,U075,0,2025-10-08 20:29:00.707457
U271,U110,1,2025-11-14 20:29:00.707464
U271,U198,0,2025-08-30 20:29:00.707472
U271,U191,1,2026-05-05 20:29:00.707479
U271,U197,1,2025-12-13 20:29:00.707487
U271,U178,1,2026-05-01 20:29:00.707495
U271,U282,0,2025-09-29 20:29:00.707503
U271,U050,0,2026-04-16 20:29:00.707510
U271,U193,0,2026-05-03 20:29:00.707517
U271,U007,0,2026-02-18 20:29:00.707525
U271,U108,1,2025-12-06 20:29:00.707533
U271,U089,0,2025-11-20 20:29:00.707540
U272,U053,1,2026-03-06 20:29:00.707560
U272,U172,0,2025-08-07 20:29:00.707569
U272,U197,1,2026-05-31 20:29:00.707577
U272,U149,0,2025-08-21 20:29:00.707588
U272,U025,0,2026-04-19 20:29:00.707596
U272,U020,0,2025-11-16 20:29:00.707605
U272,U060,1,2025-10-20 20:29:00.707614
U272,U117,1,2026-04-24 20:29:00.707622
U272,U017,0,2026-02-16 20:29:00.707630
U272,U121,0,2026-03-25 20:29:00.707638
U272,U037,1,2025-09-30 20:29:00.707646
U272,U178,0,2026-04-25 20:29:00.707654
U272,U028,0,2026-03-27 20:29:00.707662
U272,U185,0,2025-10-24 20:29:00.707670
U272,U072,0,2025-07-03 20:29:00.707677
U272,U080,0,2025-11-27 20:29:00.707686
U272,U281,1,2026-05-24 20:29:00.707697
U272,U232,0,2025-10-10 20:29:00.707705
U272,U101,1,2025-09-27 20:29:00.707712
U272,U002,1,2025-07-31 20:29:00.707720
U273,U138,1,2025-06-08 20:29:00.707741
U273,U010,0,2025-11-05 20:29:00.707750
U273,U243,0,2026-03-27 20:29:00.707759
U273,U086,0,2025-07-31 20:29:00.707767
U273,U069,1,2025-12-11 20:29:00.707782
U273,U125,0,2026-05-13 20:29:00.707792
U273,U177,1,2026-01-09 20:29:00.707800
U273,U155,0,2025-09-06 20:29:00.707808
U273,U276,0,2026-02-11 20:29:00.707817
U273,U127,0,2025-09-02 20:29:00.707825
U273,U146,0,2026-05-23 20:29:00.707833
U273,U257,0,2025-12-26 20:29:00.707843
U273,U003,0,2025-12-14 20:29:00.707854
U273,U055,1,2025-09-24 20:29:00.707865
U273,U166,0,2026-05-06 20:29:00.707877
U273,U181,1,2025-10-07 20:29:00.707892
U273,U176,0,2025-11-07 20:29:00.707900
U273,U294,0,2025-09-08 20:29:00.707908
U273,U185,1,2025-12-24 20:29:00.707917
U273,U054,0,2025-11-14 20:29:00.707926
U274,U277,0,2026-03-08 20:29:00.707949
U274,U297,1,2026-04-08 20:29:00.707959
U274,U178,0,2026-04-27 20:29:00.707968
U274,U111,0,2025-10-21 20:29:00.707976
U274,U187,0,2025-08-22 20:29:00.707984
U274,U130,1,2025-11-25 20:29:00.707992
U274,U107,1,2025-11-17 20:29:00.708000
U274,U140,0,2026-03-29 20:29:00.708011
U274,U128,1,2025-07-19 20:29:00.708019
U274,U201,0,2025-12-04 20:29:00.708027
U274,U122,1,2026-01-08 20:29:00.708035
U274,U283,0,2026-01-05 20:29:00.708043
U274,U162,1,2025-06-10 20:29:00.708051
U274,U206,0,2026-05-25 20:29:00.708058
U274,U127,1,2025-08-25 20:29:00.708066
U274,U211,0,2025-12-15 20:29:00.708074
U274,U030,1,2025-10-27 20:29:00.708082
U274,U151,0,2025-07-29 20:29:00.708090
U274,U109,0,2026-05-29 20:29:00.708098
U274,U113,0,2025-12-11 20:29:00.708105
U275,U115,0,2026-01-11 20:29:00.708126
U275,U048,0,2025-08-07 20:29:00.708135
U275,U045,1,2025-07-24 20:29:00.708145
U275,U199,0,2026-03-27 20:29:00.708153
U275,U146,0,2026-01-07 20:29:00.708161
U275,U279,0,2026-02-15 20:29:00.708169
U275,U058,0,2025-06-24 20:29:00.708177
U275,U249,1,2026-03-14 20:29:00.708185
U275,U240,0,2025-06-30 20:29:00.708195
U275,U087,0,2025-09-12 20:29:00.708203
U275,U201,1,2026-03-17 20:29:00.708212
U275,U068,0,2026-02-28 20:29:00.708220
U275,U073,1,2025-12-20 20:29:00.708244
U275,U006,0,2025-10-03 20:29:00.708258
U275,U184,0,2025-07-05 20:29:00.708269
U275,U062,0,2026-03-01 20:29:00.708282
U275,U168,0,2026-05-11 20:29:00.708292
U275,U157,1,2025-11-09 20:29:00.708303
U275,U101,0,2025-12-11 20:29:00.708313
U275,U025,1,2026-04-19 20:29:00.708328
U276,U066,0,2026-01-27 20:29:00.708365
U276,U094,0,2025-11-04 20:29:00.708379
U276,U291,0,2025-06-28 20:29:00.708391
U276,U134,1,2026-03-29 20:29:00.708404
U276,U250,0,2026-03-15 20:29:00.708415
U276,U225,0,2025-11-01 20:29:00.708426
U276,U192,0,2026-03-11 20:29:00.708437
U276,U036,0,2026-04-28 20:29:00.708449
U276,U221,0,2025-06-17 20:29:00.708462
U276,U217,0,2025-08-07 20:29:00.708473
U276,U112,0,2025-11-07 20:29:00.708486
U276,U266,1,2025-10-17 20:29:00.708499
U276,U051,0,2026-04-05 20:29:00.708510
U276,U201,1,2026-04-26 20:29:00.708523
U276,U268,1,2025-08-20 20:29:00.708533
U276,U060,0,2025-06-23 20:29:00.708543
U276,U147,0,2026-05-28 20:29:00.708551
U276,U021,1,2025-09-20 20:29:00.708560
U276,U296,1,2026-04-24 20:29:00.708568
U276,U146,0,2026-05-15 20:29:00.708576
U277,U293,0,2025-08-02 20:29:00.708599
U277,U212,0,2025-09-11 20:29:00.708608
U277,U236,0,2026-03-08 20:29:00.708616
U277,U272,1,2025-11-09 20:29:00.708624
U277,U149,0,2026-01-01 20:29:00.708631
U277,U204,1,2026-05-26 20:29:00.708639
U277,U163,0,2025-10-16 20:29:00.708646
U277,U197,1,2026-02-10 20:29:00.708654
U277,U002,0,2025-11-16 20:29:00.708661
U277,U167,0,2025-10-04 20:29:00.708669
U277,U018,1,2025-07-03 20:29:00.708677
U277,U127,0,2026-04-15 20:29:00.708688
U277,U098,0,2025-07-04 20:29:00.708696
U277,U122,0,2025-07-07 20:29:00.708703
U277,U203,1,2025-09-30 20:29:00.708711
U277,U084,0,2025-06-26 20:29:00.708718
U277,U026,0,2026-01-25 20:29:00.708726
U277,U038,0,2025-06-21 20:29:00.708733
U277,U067,0,2026-04-07 20:29:00.708741
U277,U006,0,2026-02-14 20:29:00.708749
U278,U265,0,2025-08-19 20:29:00.708769
U278,U061,0,2025-07-09 20:29:00.708780
U278,U097,1,2026-04-26 20:29:00.708788
U278,U218,1,2026-01-11 20:29:00.708797
U278,U116,1,2025-08-06 20:29:00.708804
U278,U072,0,2025-06-18 20:29:00.708813
U278,U142,0,2026-03-13 20:29:00.708821
U278,U062,0,2026-05-27 20:29:00.708828
U278,U241,0,2026-04-26 20:29:00.708836
U278,U251,0,2026-03-29 20:29:00.708846
U278,U188,0,2025-09-21 20:29:00.708854
U278,U211,0,2026-03-24 20:29:00.708862
U278,U254,1,2025-11-02 20:29:00.708870
U278,U144,1,2025-08-22 20:29:00.708877
U278,U273,1,2026-05-07 20:29:00.708885
U278,U095,0,2025-11-10 20:29:00.708893
U278,U069,1,2025-08-01 20:29:00.708901
U278,U199,0,2026-04-01 20:29:00.708910
U278,U186,1,2025-11-28 20:29:00.708918
U278,U239,0,2025-10-22 20:29:00.708926
U279,U019,0,2026-05-19 20:29:00.708948
U279,U059,1,2025-06-06 20:29:00.708958
U279,U289,0,2026-03-25 20:29:00.708967
U279,U034,0,2026-04-01 20:29:00.708978
U279,U157,0,2025-10-30 20:29:00.708986
U279,U011,0,2026-05-18 20:29:00.708994
U279,U212,1,2025-08-30 20:29:00.709003
U279,U189,1,2026-03-23 20:29:00.709011
U279,U008,0,2026-02-24 20:29:00.709019
U279,U166,0,2026-03-14 20:29:00.709028
U279,U249,1,2025-09-16 20:29:00.709036
U279,U199,0,2025-09-17 20:29:00.709045
U279,U254,0,2025-08-27 20:29:00.709053
U279,U274,1,2026-02-03 20:29:00.709061
U279,U027,0,2025-07-24 20:29:00.709070
U279,U079,1,2025-11-15 20:29:00.709079
U279,U058,1,2025-10-05 20:29:00.709086
U279,U176,1,2026-01-24 20:29:00.709094
U279,U114,0,2025-06-21 20:29:00.709102
U279,U248,0,2026-03-11 20:29:00.709111
U280,U297,1,2025-06-06 20:29:00.709132
U280,U263,0,2025-09-23 20:29:00.709141
U280,U064,0,2025-09-30 20:29:00.709149
U280,U157,0,2026-02-22 20:29:00.709157
U280,U143,0,2025-09-07 20:29:00.709165
U280,U161,0,2025-12-15 20:29:00.709173
U280,U131,1,2026-04-26 20:29:00.709182
U280,U230,0,2025-09-09 20:29:00.709190
U280,U273,0,2025-11-11 20:29:00.709198
U280,U229,1,2025-11-16 20:29:00.709206
U280,U066,0,2025-07-06 20:29:00.709213
U280,U202,0,2026-01-06 20:29:00.709221
U280,U112,1,2026-05-07 20:29:00.709229
U280,U152,0,2026-03-13 20:29:00.709237
U280,U008,0,2026-02-17 20:29:00.709247
U280,U169,0,2026-01-25 20:29:00.709254
U280,U209,0,2025-11-04 20:29:00.709262
U280,U262,1,2025-09-28 20:29:00.709270
U280,U255,1,2025-11-27 20:29:00.709278
U280,U035,0,2026-06-02 20:29:00.709285
U281,U279,0,2025-08-29 20:29:00.709305
U281,U123,1,2026-01-27 20:29:00.709313
U281,U084,0,2025-08-06 20:29:00.709321
U281,U166,0,2026-02-01 20:29:00.709330
U281,U018,0,2025-06-14 20:29:00.709338
U281,U011,1,2025-10-18 20:29:00.709345
U281,U041,0,2025-08-08 20:29:00.709353
U281,U082,1,2026-01-30 20:29:00.709362
U281,U043,1,2026-05-03 20:29:00.709370
U281,U299,0,2025-12-19 20:29:00.709378
U281,U019,1,2026-01-08 20:29:00.709386
U281,U177,0,2026-02-04 20:29:00.709397
U281,U274,1,2025-08-24 20:29:00.709404
U281,U064,0,2025-12-05 20:29:00.709412
U281,U189,1,2026-05-07 20:29:00.709420
U281,U285,0,2026-03-19 20:29:00.709428
U281,U212,0,2026-05-01 20:29:00.709435
U281,U278,1,2026-05-19 20:29:00.709442
U281,U185,0,2025-06-06 20:29:00.709450
U281,U010,1,2026-02-01 20:29:00.709458
U282,U058,0,2025-07-02 20:29:00.709477
U282,U022,0,2026-02-09 20:29:00.709486
U282,U018,0,2025-08-02 20:29:00.709494
U282,U103,0,2026-01-12 20:29:00.709502
U282,U109,1,2025-09-12 20:29:00.709512
U282,U173,0,2026-01-05 20:29:00.709520
U282,U240,0,2026-03-08 20:29:00.709531
U282,U278,1,2026-03-09 20:29:00.709539
U282,U249,0,2026-02-25 20:29:00.709547
U282,U201,0,2025-08-19 20:29:00.709555
U282,U289,0,2025-10-29 20:29:00.709564
U282,U003,1,2026-01-09 20:29:00.709572
U282,U111,0,2026-01-09 20:29:00.709580
U282,U117,0,2026-05-12 20:29:00.709588
U282,U142,0,2025-07-04 20:29:00.709596
U282,U192,0,2026-04-16 20:29:00.709604
U282,U298,0,2025-07-05 20:29:00.709612
U282,U164,0,2025-06-08 20:29:00.709620
U282,U250,0,2025-10-03 20:29:00.709628
U282,U007,0,2026-01-29 20:29:00.709637
U283,U023,0,2026-02-27 20:29:00.709660
U283,U064,1,2025-12-12 20:29:00.709670
U283,U047,0,2026-01-04 20:29:00.709679
U283,U046,1,2026-04-24 20:29:00.709688
U283,U186,1,2025-09-04 20:29:00.709697
U283,U149,0,2026-04-01 20:29:00.709705
U283,U058,0,2025-11-24 20:29:00.709713
U283,U069,0,2026-06-02 20:29:00.709722
U283,U277,0,2025-09-16 20:29:00.709730
U283,U050,0,2026-01-25 20:29:00.709738
U283,U285,1,2026-04-19 20:29:00.709746
U283,U117,0,2025-12-25 20:29:00.709754
U283,U293,0,2025-09-26 20:29:00.709763
U283,U019,1,2025-12-02 20:29:00.709772
U283,U176,0,2026-02-08 20:29:00.709780
U283,U073,0,2025-12-29 20:29:00.709788
U283,U225,0,2025-08-01 20:29:00.709796
U283,U094,0,2026-03-27 20:29:00.709805
U283,U043,0,2025-10-31 20:29:00.709815
U283,U067,0,2025-10-02 20:29:00.709824
U284,U193,0,2026-02-12 20:29:00.709846
U284,U101,0,2026-04-07 20:29:00.709855
U284,U212,0,2025-08-19 20:29:00.709863
U284,U146,0,2025-07-14 20:29:00.709871
U284,U087,0,2025-08-11 20:29:00.709880
U284,U021,1,2025-07-25 20:29:00.709889
U284,U224,0,2026-06-01 20:29:00.709897
U284,U295,0,2025-10-30 20:29:00.709904
U284,U115,1,2025-11-19 20:29:00.709913
U284,U231,0,2025-08-14 20:29:00.709921
U284,U296,0,2026-01-29 20:29:00.709930
U284,U265,1,2026-05-02 20:29:00.709938
U284,U211,1,2026-02-28 20:29:00.709946
U284,U096,0,2026-02-17 20:29:00.709954
U284,U157,1,2026-03-07 20:29:00.709962
U284,U216,0,2026-03-22 20:29:00.709969
U284,U198,0,2025-08-30 20:29:00.709979
U284,U122,1,2025-07-05 20:29:00.709988
U284,U154,0,2026-04-27 20:29:00.709997
U284,U120,1,2025-12-02 20:29:00.710005
U285,U055,1,2025-08-17 20:29:00.710025
U285,U213,0,2026-01-18 20:29:00.710036
U285,U175,0,2025-08-30 20:29:00.710045
U285,U286,1,2025-07-06 20:29:00.710054
U285,U019,0,2025-11-11 20:29:00.710063
U285,U167,0,2026-04-22 20:29:00.710072
U285,U127,0,2025-07-26 20:29:00.710080
U285,U151,0,2025-11-15 20:29:00.710089
U285,U091,1,2025-12-09 20:29:00.710098
U285,U260,0,2026-03-26 20:29:00.710106
U285,U237,1,2025-07-17 20:29:00.710117
U285,U076,0,2026-03-16 20:29:00.710126
U285,U112,0,2026-06-02 20:29:00.710134
U285,U043,0,2025-11-05 20:29:00.710143
U285,U096,1,2025-07-30 20:29:00.710151
U285,U020,0,2026-01-17 20:29:00.710161
U285,U287,1,2026-04-01 20:29:00.710169
U285,U283,1,2025-08-17 20:29:00.710178
U285,U083,0,2025-08-28 20:29:00.710186
U285,U214,1,2026-01-26 20:29:00.710194
U286,U120,1,2025-09-22 20:29:00.710216
U286,U190,0,2026-04-01 20:29:00.710225
U286,U101,0,2025-06-19 20:29:00.710233
U286,U115,0,2026-04-13 20:29:00.710255
U286,U127,1,2025-11-07 20:29:00.710264
U286,U207,0,2025-12-07 20:29:00.710273
U286,U022,0,2026-03-23 20:29:00.710281
U286,U087,0,2025-08-09 20:29:00.710289
U286,U215,0,2025-09-09 20:29:00.710300
U286,U158,0,2025-10-27 20:29:00.710309
U286,U054,0,2026-03-09 20:29:00.710318
U286,U213,0,2026-05-21 20:29:00.710326
U286,U094,0,2025-11-30 20:29:00.710334
U286,U266,0,2025-06-30 20:29:00.710342
U286,U118,0,2026-01-25 20:29:00.710350
U286,U030,0,2025-08-16 20:29:00.710358
U286,U289,0,2025-06-17 20:29:00.710366
U286,U237,0,2025-10-07 20:29:00.710375
U286,U265,0,2025-07-24 20:29:00.710382
U286,U284,0,2026-05-12 20:29:00.710391
U287,U014,0,2026-02-28 20:29:00.710414
U287,U270,0,2026-01-05 20:29:00.710426
U287,U145,0,2025-07-07 20:29:00.710435
U287,U272,0,2026-03-18 20:29:00.710443
U287,U004,1,2026-04-30 20:29:00.710451
U287,U017,0,2025-12-03 20:29:00.710460
U287,U036,0,2026-04-22 20:29:00.710469
U287,U128,1,2025-11-17 20:29:00.710478
U287,U056,0,2025-09-15 20:29:00.710487
U287,U139,1,2025-07-09 20:29:00.710496
U287,U230,0,2025-10-21 20:29:00.710504
U287,U298,0,2026-02-15 20:29:00.710513
U287,U096,0,2026-02-06 20:29:00.710521
U287,U134,0,2026-04-30 20:29:00.710529
U287,U189,0,2026-05-01 20:29:00.710537
U287,U031,0,2025-11-02 20:29:00.710545
U287,U242,1,2025-07-02 20:29:00.710554
U287,U050,1,2025-12-13 20:29:00.710562
U287,U204,1,2025-12-29 20:29:00.710570
U287,U240,1,2025-10-28 20:29:00.710578
U288,U178,1,2026-03-16 20:29:00.710601
U288,U039,1,2026-02-22 20:29:00.710611
U288,U283,0,2025-07-09 20:29:00.710620
U288,U036,0,2026-06-02 20:29:00.710628
U288,U256,0,2026-06-02 20:29:00.710637
U288,U208,0,2025-08-19 20:29:00.710646
U288,U146,1,2026-01-12 20:29:00.710654
U288,U106,0,2026-02-06 20:29:00.710663
U288,U222,1,2026-04-20 20:29:00.710671
U288,U274,1,2025-07-12 20:29:00.710679
U288,U152,0,2025-11-04 20:29:00.710688
U288,U023,0,2025-06-12 20:29:00.710696
U288,U272,1,2025-08-02 20:29:00.710704
U288,U168,0,2026-05-09 20:29:00.710715
U288,U144,0,2025-09-28 20:29:00.710723
U288,U031,1,2026-03-27 20:29:00.710731
U288,U210,0,2025-09-07 20:29:00.710739
U288,U215,0,2025-08-25 20:29:00.710748
U288,U190,0,2025-12-22 20:29:00.710756
U288,U059,0,2025-11-09 20:29:00.710764
U289,U274,0,2025-07-28 20:29:00.710784
U289,U067,0,2026-01-20 20:29:00.710794
U289,U207,0,2025-06-26 20:29:00.710803
U289,U017,1,2025-11-21 20:29:00.710811
U289,U242,0,2026-02-15 20:29:00.710820
U289,U023,0,2026-04-06 20:29:00.710828
U289,U287,0,2026-02-03 20:29:00.710837
U289,U223,0,2025-08-09 20:29:00.710846
U289,U086,0,2025-07-04 20:29:00.710854
U289,U258,0,2025-07-27 20:29:00.710863
U289,U174,1,2026-04-14 20:29:00.710872
U289,U193,0,2025-07-27 20:29:00.710880
U289,U232,0,2026-02-17 20:29:00.710888
U289,U238,1,2025-06-19 20:29:00.710897
U289,U032,0,2025-06-23 20:29:00.710905
U289,U073,0,2025-06-21 20:29:00.710913
U289,U147,0,2025-08-17 20:29:00.710921
U289,U090,0,2026-01-17 20:29:00.710929
U289,U167,1,2026-06-04 20:29:00.710938
U290,U226,0,2025-10-08 20:29:00.710959
U290,U101,1,2025-10-25 20:29:00.710969
U290,U074,0,2025-10-18 20:29:00.710978
U290,U205,0,2025-11-23 20:29:00.710986
U290,U291,0,2025-10-18 20:29:00.710994
U290,U222,0,2025-06-06 20:29:00.711002
U290,U174,0,2026-03-16 20:29:00.711014
U290,U010,0,2026-01-20 20:29:00.711022
U290,U225,0,2025-10-31 20:29:00.711030
U290,U021,1,2025-12-30 20:29:00.711039
U290,U016,0,2026-04-13 20:29:00.711048
U290,U187,0,2025-09-22 20:29:00.711055
U290,U297,0,2025-08-10 20:29:00.711064
U290,U165,0,2025-10-08 20:29:00.711072
U290,U180,0,2025-11-23 20:29:00.711080
U290,U104,1,2025-11-26 20:29:00.711089
U290,U040,1,2026-04-01 20:29:00.711097
U290,U224,0,2026-01-24 20:29:00.711105
U290,U050,0,2026-01-27 20:29:00.711116
U291,U008,0,2026-01-28 20:29:00.711137
U291,U204,0,2025-09-14 20:29:00.711148
U291,U145,0,2025-09-05 20:29:00.711158
U291,U274,1,2026-04-23 20:29:00.711167
U291,U007,1,2026-04-29 20:29:00.711177
U291,U022,0,2025-08-07 20:29:00.711185
U291,U037,1,2026-05-24 20:29:00.711196
U291,U161,1,2025-07-16 20:29:00.711205
U291,U286,0,2026-02-02 20:29:00.711213
U291,U153,0,2025-07-20 20:29:00.711221
U291,U053,1,2025-10-20 20:29:00.711230
U291,U252,0,2026-04-29 20:29:00.711238
U291,U056,0,2026-04-03 20:29:00.711247
U291,U208,0,2026-02-10 20:29:00.711256
U291,U212,0,2026-05-16 20:29:00.711264
U291,U300,0,2025-10-25 20:29:00.711272
U291,U284,0,2025-12-26 20:29:00.711280
U291,U278,1,2025-06-22 20:29:00.711288
U291,U209,0,2025-09-08 20:29:00.711296
U291,U163,0,2025-07-16 20:29:00.711312
U292,U150,0,2026-02-16 20:29:00.711333
U292,U089,0,2026-04-09 20:29:00.711342
U292,U191,0,2025-10-16 20:29:00.711351
U292,U222,0,2025-11-14 20:29:00.711360
U292,U114,0,2026-05-30 20:29:00.711370
U292,U102,0,2025-11-20 20:29:00.711380
U292,U052,0,2026-06-05 20:29:00.711388
U292,U033,0,2025-11-21 20:29:00.711396
U292,U162,0,2025-08-06 20:29:00.711404
U292,U268,0,2025-10-26 20:29:00.711413
U292,U123,0,2025-07-13 20:29:00.711421
U292,U275,0,2025-09-13 20:29:00.711429
U292,U116,0,2026-04-15 20:29:00.711437
U292,U015,1,2026-04-11 20:29:00.711445
U292,U244,0,2025-09-17 20:29:00.711454
U292,U115,0,2026-05-21 20:29:00.711462
U292,U168,0,2025-11-24 20:29:00.711470
U292,U296,0,2025-07-25 20:29:00.711478
U292,U093,0,2026-02-11 20:29:00.711486
U292,U145,0,2025-08-24 20:29:00.711494
U293,U251,0,2025-07-03 20:29:00.711514
U293,U122,1,2026-04-27 20:29:00.711523
U293,U286,1,2026-03-17 20:29:00.711532
U293,U151,0,2026-04-25 20:29:00.711541
U293,U111,0,2026-01-13 20:29:00.711549
U293,U228,0,2025-11-30 20:29:00.711558
U293,U242,1,2026-04-30 20:29:00.711566
U293,U064,0,2025-08-25 20:29:00.711575
U293,U272,1,2026-01-25 20:29:00.711583
U293,U139,1,2025-10-29 20:29:00.711591
U293,U023,0,2025-12-21 20:29:00.711602
U293,U066,0,2025-11-14 20:29:00.711609
U293,U150,1,2025-06-13 20:29:00.711617
U293,U185,0,2025-08-23 20:29:00.711626
U293,U136,1,2025-07-25 20:29:00.711635
U293,U060,1,2025-10-28 20:29:00.711644
U293,U290,0,2025-10-02 20:29:00.711652
U293,U263,0,2026-04-21 20:29:00.711661
U293,U006,1,2026-02-06 20:29:00.711669
U293,U101,1,2026-02-09 20:29:00.711677
U294,U201,0,2026-01-31 20:29:00.711697
U294,U279,1,2025-11-04 20:29:00.711707
U294,U091,0,2025-11-06 20:29:00.711716
U294,U092,0,2025-10-23 20:29:00.711725
U294,U256,1,2026-05-22 20:29:00.711733
U294,U151,0,2025-06-12 20:29:00.711742
U294,U263,0,2025-06-20 20:29:00.711750
U294,U018,0,2025-09-21 20:29:00.711759
U294,U235,0,2026-02-16 20:29:00.711770
U294,U249,0,2026-05-01 20:29:00.711778
U294,U123,1,2025-09-30 20:29:00.711786
U294,U206,0,2026-05-18 20:29:00.711794
U294,U175,1,2026-03-16 20:29:00.711803
U294,U233,1,2026-03-12 20:29:00.711811
U294,U218,0,2026-05-01 20:29:00.711820
U294,U045,0,2025-10-08 20:29:00.711828
U294,U210,0,2026-02-01 20:29:00.711836
U294,U081,0,2026-05-30 20:29:00.711844
U294,U053,0,2025-06-18 20:29:00.711852
U294,U156,0,2025-06-17 20:29:00.711860
U295,U101,0,2026-04-03 20:29:00.711879
U295,U198,1,2025-08-28 20:29:00.711888
U295,U284,0,2026-02-09 20:29:00.711899
U295,U149,0,2025-08-19 20:29:00.711908
U295,U038,0,2026-04-08 20:29:00.711915
U295,U110,1,2025-10-20 20:29:00.711923
U295,U039,0,2025-09-30 20:29:00.711931
U295,U113,1,2026-01-02 20:29:00.711939
U295,U271,0,2025-06-28 20:29:00.711946
U295,U143,1,2025-07-10 20:29:00.711954
U295,U137,0,2026-01-30 20:29:00.711962
U295,U066,0,2026-01-13 20:29:00.711970
U295,U177,0,2025-07-14 20:29:00.711979
U295,U185,0,2025-06-21 20:29:00.711987
U295,U230,1,2026-03-03 20:29:00.711994
U295,U016,0,2026-01-16 20:29:00.712002
U295,U239,0,2026-05-24 20:29:00.712010
U295,U203,1,2026-02-26 20:29:00.712018
U295,U171,0,2025-07-30 20:29:00.712025
U295,U283,0,2025-12-04 20:29:00.712033
U296,U181,0,2026-03-08 20:29:00.712053
U296,U269,0,2026-05-11 20:29:00.712063
U296,U067,0,2025-09-20 20:29:00.712072
U296,U271,0,2026-01-04 20:29:00.712080
U296,U160,0,2026-06-02 20:29:00.712088
U296,U204,0,2025-08-29 20:29:00.712099
U296,U070,0,2026-03-28 20:29:00.712108
U296,U016,0,2025-10-14 20:29:00.712116
U296,U071,1,2026-01-31 20:29:00.712124
U296,U031,1,2026-05-11 20:29:00.712132
U296,U191,1,2026-04-13 20:29:00.712140
U296,U175,1,2025-06-13 20:29:00.712149
U296,U220,0,2025-07-02 20:29:00.712157
U296,U080,1,2026-04-10 20:29:00.712165
U296,U279,0,2025-07-13 20:29:00.712176
U296,U018,0,2026-05-09 20:29:00.712184
U296,U261,0,2025-12-09 20:29:00.712192
U296,U193,0,2025-10-14 20:29:00.712200
U296,U012,0,2026-02-14 20:29:00.712208
U296,U122,0,2025-12-06 20:29:00.712216
U297,U263,0,2026-05-18 20:29:00.712238
U297,U090,0,2025-09-02 20:29:00.712265
U297,U273,1,2026-05-27 20:29:00.712278
U297,U171,0,2026-04-12 20:29:00.712345
U297,U139,0,2026-01-03 20:29:00.712414
U297,U211,1,2026-01-01 20:29:00.712435
U297,U180,0,2025-12-29 20:29:00.712449
U297,U011,0,2025-12-17 20:29:00.712492
U297,U186,0,2025-06-13 20:29:00.712534
U297,U101,0,2025-09-23 20:29:00.712549
U297,U003,0,2026-05-16 20:29:00.712562
U297,U022,1,2025-07-28 20:29:00.712573
U297,U064,0,2025-06-12 20:29:00.712587
U297,U189,1,2026-04-20 20:29:00.712598
U297,U192,0,2025-10-26 20:29:00.712608
U297,U196,0,2026-04-04 20:29:00.712627
U297,U156,1,2026-04-17 20:29:00.712637
U297,U231,0,2025-10-23 20:29:00.712648
U297,U279,1,2025-06-17 20:29:00.712689
U297,U041,1,2025-07-17 20:29:00.712711
U298,U036,1,2026-04-26 20:29:00.712750
U298,U180,1,2026-03-26 20:29:00.712762
U298,U028,0,2025-11-09 20:29:00.712773
U298,U294,0,2026-01-21 20:29:00.712785
U298,U086,0,2025-12-20 20:29:00.712796
U298,U075,1,2025-12-31 20:29:00.712808
U298,U061,0,2025-08-23 20:29:00.712825
U298,U141,0,2025-06-18 20:29:00.712837
U298,U262,0,2026-03-29 20:29:00.712849
U298,U177,0,2026-03-10 20:29:00.712860
U298,U277,0,2026-04-06 20:29:00.712871
U298,U052,0,2025-11-08 20:29:00.712882
U298,U231,1,2025-10-09 20:29:00.712892
U298,U167,1,2025-10-25 20:29:00.712902
U298,U072,1,2025-09-16 20:29:00.712913
U298,U100,1,2026-04-21 20:29:00.712923
U298,U106,1,2026-04-27 20:29:00.712935
U298,U154,1,2025-12-12 20:29:00.712946
U298,U066,1,2025-11-07 20:29:00.712957
U298,U194,0,2025-11-09 20:29:00.712967
U299,U091,0,2026-01-01 20:29:00.712996
U299,U013,0,2025-09-09 20:29:00.713009
U299,U272,0,2026-05-07 20:29:00.713021
U299,U005,1,2025-11-14 20:29:00.713036
U299,U287,0,2025-08-26 20:29:00.713049
U299,U277,0,2026-04-26 20:29:00.713060
U299,U254,0,2026-03-17 20:29:00.713070
U299,U240,1,2025-06-07 20:29:00.713080
U299,U095,0,2025-10-02 20:29:00.713090
U299,U273,1,2025-09-30 20:29:00.713099
U299,U259,0,2025-06-07 20:29:00.713110
U299,U147,1,2026-04-24 20:29:00.713121
U299,U156,1,2026-05-26 20:29:00.713132
U299,U159,1,2026-05-13 20:29:00.713143
U299,U033,0,2025-09-27 20:29:00.713152
U299,U234,0,2026-02-08 20:29:00.713162
U299,U171,1,2026-04-04 20:29:00.713174
U299,U201,0,2025-07-10 20:29:00.713188
U299,U115,0,2026-04-09 20:29:00.713198
U299,U089,0,2026-04-28 20:29:00.713208
U300,U113,0,2025-12-02 20:29:00.713237
U300,U008,0,2025-09-01 20:29:00.713249
U300,U072,0,2025-08-17 20:29:00.713260
U300,U256,1,2025-07-12 20:29:00.713311
U300,U061,0,2025-09-27 20:29:00.713335
U300,U131,0,2025-09-09 20:29:00.713351
U300,U020,1,2025-10-21 20:29:00.713364
U300,U204,0,2026-02-26 20:29:00.713374
U300,U298,0,2026-02-04 20:29:00.713383
U300,U144,1,2025-12-11 20:29:00.713391
U300,U010,0,2026-05-22 20:29:00.713400
U300,U097,0,2025-09-12 20:29:00.713408
U300,U176,0,2026-04-20 20:29:00.713416
U300,U251,0,2026-04-19 20:29:00.713424
U300,U142,0,2025-08-18 20:29:00.713432
U300,U062,0,2026-01-18 20:29:00.713439
U300,U151,0,2026-05-23 20:29:00.713454
U300,U282,0,2025-09-22 20:29:00.713462
U300,U115,0,2025-10-26 20:29:00.713470
U300,U058,0,2026-05-05 20:29:00.713479
U301,U022,1,2026-06-13T19:33:43
U301,U178,1,2026-06-13T19:34:40
U302,U172,1,2026-06-15T13:32:36.673513
U302,U082,1,2026-06-15T13:32:36.673530
U302,U187,1,2026-06-15T13:32:36.673535
U302,U256,1,2026-06-15T13:32:36.673539
U302,U257,1,2026-06-15T13:32:36.673541
